Green Beige,#BEBD7F,190,189,127,75.59100341796875,-11.388249397277832,39.39680862426758
Beige,#C2B078,194,176,120,72.40576171875,-3.8748183250427246,38.721351623535156
Sand Yellow,#C6A664,198,166,100,69.94679260253906,1.3754041194915771,45.36709213256836
Signal Yellow,#E5BE01,229,190,1,78.66465759277344,-0.8878557085990906,84.43050384521484
Golden Yellow,#CDA434,205,164,52,69.75505828857422,3.027726411819458,65.7979507446289
Honey Yellow,#A98307,169,131,7,57.182308197021484,3.962670087814331,64.67131805419922
Maize Yellow,#E4A010,228,160,16,71.20719146728516,14.04741382598877,77.3482666015625
Daffodil Yellow,#DC9D00,220,157,0,69.53425598144531,12.149382591247559,77.55479431152344
Brown Beige,#8A6642,138,102,66,46.32365417480469,8.221121788024902,31.244457244873047
Lemon Yellow,#C7B446,199,180,70,73.41409301757812,-6.973889350891113,62.58245086669922
Oyster White,#EAE6CA,234,230,202,91.06041717529297,-7.594179630279541,24.804067611694336
Ivory,#E1CC4F,225,204,79,82.11804962158203,-7.865914821624756,69.18533325195312
Light Ivory,#E6D690,230,214,144,85.75827026367188,-6.854980945587158,45.31978988647461
Sulfur Yellow,#EDFF21,237,255,33,96.25668334960938,-28.251718521118164,94.95743560791016
Saffron Yellow,#F5D033,245,208,51,84.86099243164062,-2.57171893119812,81.80707550048828
Zinc Yellow,#F8F32B,248,243,43,94.00685119628906,-18.290931701660156,91.74434661865234
Grey Beige,#9E9764,158,151,100,62.139888763427734,-7.191760063171387,34.51280212402344
Olive Yellow,#999950,153,153,80,62.00703811645508,-11.851288795471191,43.99516296386719
Rape Yellow,#F3DA0B,243,218,11,87.10661315917969,-8.81322956085205,90.53656005859375
Traffic Yellow,#FAD201,250,210,1,85.74293518066406,-2.1126484870910645,90.66121673583984
Ochre Yellow,#AEA04B,174,160,75,65.7847671508789,-6.993409156799316,51.29024887084961
Luminous Yellow,#FFFF00,255,255,0,97.60871887207031,-21.47576332092285,99.74375915527344
Curry,#9D9101,157,145,1,59.70899200439453,-8.808870315551758,66.76689147949219
Melon Yellow,#F4A900,244,169,0,75.1803207397461,15.940695762634277,82.98221588134766
Broom Yellow,#D6AE01,214,174,1,73.09318542480469,0.8946388959884644,79.59107971191406
Dahlia Yellow,#F3A505,243,165,5,74.13906860351562,17.580814361572266,81.67762756347656
Pastel Yellow,#EFA94A,239,169,74,74.86217498779297,15.233477592468262,64.0050277709961
Pearl Beige,#6A5D4D,106,93,77,40.41853332519531,0.4078464210033417,16.606903076171875
Pearl Gold,#705335,112,83,53,37.8818359375,6.622218132019043,26.81731414794922
Sun Yellow,#F39F18,243,159,24,72.79010009765625,20.780284881591797,78.11532592773438
Yellow Orange,#ED760E,237,118,14,63.21970748901367,38.69976043701172,72.7398910522461
Red Orange,#C93C20,201,60,32,47.38863754272461,51.5452880859375,52.556251525878906
Vermilion,#CB2821,203,40,33,45.49091339111328,58.38142776489258,50.63072204589844
Pastel Orange,#FF7514,255,117,20,65.77764129638672,45.78439712524414,74.83907318115234
Pure Orange,#F44611,244,70,17,56.62966537475586,60.99834442138672,68.7430191040039
Luminous Orange,#FF2301,255,35,1,55.52635955810547,72.67723846435547,73.15907287597656
Luminous Bright Orange,#FFA420,255,164,32,75.41653442382812,23.171445846557617,79.18589782714844
Bright Red Orange,#F75E25,247,94,37,60.62314987182617,53.21482849121094,65.45374298095703
Traffic Orange,#F54021,245,64,33,56.163124084472656,63.37245178222656,63.303794860839844
Signal Orange,#D84B20,216,75,32,52.29100036621094,50.62533187866211,57.96400451660156
Deep Orange,#EC7C26,236,124,38,64.34226989746094,35.726009368896484,67.34407043457031
Salmon Range,#E55137,229,81,55,55.64101028442383,52.93484878540039,51.76824951171875
Pearl Orange,#C35831,195,88,49,51.0567626953125,38.00895690917969,47.7900276184082
Flame Red,#AF2B1E,175,43,30,40.15290069580078,49.3845100402832,44.81325149536133
Signal Red,#A52019,165,32,25,36.86179733276367,49.65045166015625,43.424739837646484
Carmine Red,#A2231D,162,35,29,36.58189010620117,47.9872932434082,40.85451126098633
Ruby Red,#9B111E,155,17,30,33.498741149902344,50.45380401611328,36.71459197998047
Purple Red,#75151E,117,21,30,25.477439880371094,38.68490982055664,25.11961555480957
Wine Red,#5E2129,94,33,41,22.70242691040039,26.534648895263672,13.4918212890625
Black Red,#412227,65,34,39,17.66553497314453,13.80263614654541,6.8364458084106445
Oxide Red,#642424,100,36,36,24.33893394470215,27.038164138793945,19.06629753112793
Brown Red,#781F19,120,31,25,27.348430633544922,35.998165130615234,30.401355743408203
Beige Red,#C1876B,193,135,107,61.76097869873047,16.111726760864258,31.245925903320312
Tomato Red,#A12312,161,35,18,36.304771423339844,47.502471923828125,45.84332275390625
Antique Pink,#D36E70,211,110,112,58.647037506103516,36.27649688720703,24.886028289794922
Light Pink,#EA899A,234,137,154,68.16243743896484,34.403839111328125,16.41568374633789
Coral Red,#B32821,179,40,33,40.63717269897461,51.575992584228516,44.099796295166016
Rose,#E63244,230,50,68,52.09980392456055,63.940975189208984,41.189327239990234
Strawberry Red,#D53032,213,48,50,48.39602279663086,59.35285186767578,45.68015670776367
Traffic Red,#CC0605,204,6,5,43.607078552246094,63.866512298583984,60.200294494628906
Salmon Pink,#D95030,217,80,48,53.343753814697266,49.242549896240234,51.9995231628418
Luminous Red,#F80000,248,0,0,52.811344146728516,74.58097076416016,71.53948974609375
luminous Bright Red,#FE0000,254,0,0,54.0692024230957,75.94698333740234,72.84378051757812
Raspberry Red,#C51D34,197,29,52,43.51308059692383,59.70941162109375,38.149959564208984
Pure Red,#CB3234,203,50,52,46.67728805541992,55.96803283691406,42.075191497802734
Orient Red,#B32428,179,36,40,40.27851104736328,52.859954833984375,40.045711517333984
Pearl Ruby Red,#721422,114,20,34,24.77334213256836,38.19447326660156,21.602067947387695
Pearl Pink,#B44C43,180,76,67,46.54362106323242,38.879146575927734,32.502540588378906
Red Lilac,#6D3F5B,109,63,91,33.13313293457031,20.892107009887695,-2.048048257827759
Red Violet,#922B3E,146,43,62,34.83616256713867,41.41466522216797,18.829755783081055
Heather Violet,#DE4C8A,222,76,138,55.038875579833984,56.769859313964844,5.792014122009277
Claret Violet,#641C34,100,28,52,23.256290435791016,31.767717361450195,7.384903430938721
Blue Lilac,#6C4675,108,70,117,35.60478210449219,20.296552658081055,-13.627267837524414
Traffic Purple,#A03472,160,52,114,40.07726287841797,45.99512481689453,-4.202348232269287
Purple Violet,#4A192C,74,25,44,17.325883865356445,23.26608657836914,3.290727376937866
Signal Violet,#924E7D,146,78,125,42.90617752075195,30.460126876831055,-6.5158467292785645
Pastel Violet,#A18594,161,133,148,58.544315338134766,8.913866996765137,4.384749889373779
Telemagenta,#CF3476,207,52,118,48.80314636230469,59.46946716308594,7.545119285583496
Pearl Violet,#8673A1,134,115,161,51.55796432495117,11.075016975402832,-13.482643127441406
Pearl Black Berry,#6C6874,108,104,116,44.686767578125,0.29699814319610596,0.7336034178733826
Violet Blue,#354D73,53,77,115,32.15342712402344,-2.842796802520752,-18.317834854125977
Green Blue,#1F3438,31,52,56,20.06783676147461,-9.573925018310547,-1.1365383863449097
Ultramarine Blue,#20214F,32,33,79,14.87717056274414,9.811469078063965,-23.955739974975586
Saphire Blue,#1D1E33,29,30,51,11.982979774475098,2.984644651412964,-10.276638984680176
Black Blue,#18171C,24,23,28,8.021806716918945,0.23666886985301971,-0.5616536140441895
Signal Blue,#1E2460,30,36,96,16.80303955078125,12.531466484069824,-31.513290405273438
Brillant Blue,#3E5F8A,62,95,138,39.273048400878906,-5.057454586029053,-20.322834014892578
Grey Blue,#26252D,38,37,45,15.042823791503906,0.3541712462902069,-1.4920902252197266
Azure Blue,#025669,2,86,105,33.007843017578125,-19.566387176513672,-11.301265716552734
Gentian Blue,#0E294B,14,41,75,16.078872680664062,-1.4110270738601685,-19.54664421081543
Steel Blue,#231A24,35,26,36,10.709228515625,4.875355243682861,-1.9501420259475708
Light Blue,#3B83BD,59,131,189,52.209190368652344,-12.065587997436523,-28.010143280029297
Cobalt Blue,#1E213D,30,33,61,13.61012077331543,3.863011360168457,-14.352657318115234
Pigeon Blue,#606E8C,96,110,140,46.135040283203125,-3.0119247436523438,-10.601981163024902
Sky Blue,#2271B3,34,113,179,45.537071228027344,-8.704774856567383,-33.228126525878906
Traffic Blue,#063971,6,57,113,23.583271026611328,0.6093535423278809,-30.915916442871094
Turquoise Blue,#3F888F,63,136,143,52.31142044067383,-25.387128829956055,-3.0808193683624268
Capri Blue,#1B5583,27,85,131,34.258216857910156,-8.395703315734863,-24.355716705322266
Ocean Blue,#1D334A,29,51,74,20.286212921142578,-4.7701735496521,-12.219917297363281
Water Blue,#256D7B,37,109,123,42.11776351928711,-22.11745262145996,-7.574772357940674
Night Blue,#252850,37,40,80,17.553081512451172,6.678034782409668,-20.259857177734375
Distant Blue,#49678D,73,103,141,42.49142837524414,-5.898242473602295,-16.936885833740234
Pastel Blue,#5D9B9B,93,155,155,59.819637298583984,-24.56348991394043,1.8843046426773071
Pearl Gentian Blue,#2A6478,42,100,120,39.226234436035156,-17.292917251586914,-10.284602165222168
Pearl Night Blue,#102C54,16,44,84,17.73543930053711,0.06011218950152397,-22.57684898376465
Patina Green,#316650,49,102,80,39.06437301635742,-25.508995056152344,12.283044815063477
Emerald Green,#287233,40,114,51,42.36585235595703,-37.191734313964844,32.07069778442383
Leaf Green,#2D572C,45,87,44,33.0738639831543,-25.18990707397461,24.155485153198242
Olive Green,#424632,66,70,50,28.89000701904297,-6.973099708557129,15.613079071044922
Blue Green,#1F3A3D,31,58,61,22.381763458251953,-11.891364097595215,-0.8259020447731018
Moss Green,#2F4538,47,69,56,27.127607345581055,-13.504878997802734,9.316828727722168
Grey Olive,#3E3B32,62,59,50,24.954010009765625,-2.1479313373565674,10.111234664916992
Bottle Green,#343B29,52,59,41,23.78491973876953,-7.975253582000732,13.823559761047363
Brown Green,#39352A,57,53,42,22.316984176635742,-1.8383995294570923,11.292634010314941
Fir Green,#31372B,49,55,43,22.197649002075195,-6.6439032554626465,10.337601661682129
Grass Green,#35682D,53,104,45,39.371620178222656,-30.08493423461914,31.52283477783203
Reseda Green,#587246,88,114,70,45.09361267089844,-19.400970458984375,26.418506622314453
Black Green,#343E40,52,62,64,25.347822189331055,-6.004708290100098,1.9081106185913086
Reed Green,#6C7156,108,113,86,46.63279342651367,-8.928078651428223,20.201522827148438
Yellow Olive,#47402E,71,64,46,27.415925979614258,-1.5745056867599487,16.095237731933594
Black Olive,#3B3C36,59,60,54,25.067298889160156,-3.5611252784729004,7.768650054931641
Turquoise Green,#1E5945,30,89,69,33.58930206298828,-26.319358825683594,10.672811508178711
May Green,#4C9141,76,145,65,54.269142150878906,-38.30864715576172,40.22547912597656
Yellow Green,#57A639,87,166,57,61.40220260620117,-44.01519775390625,51.99304962158203
Pastel Green,#BDECB6,189,236,182,89.06317901611328,-28.370588302612305,31.07111358642578
Chrome Green,#2E3A23,46,58,35,22.808143615722656,-10.870386123657227,16.015260696411133
Pale Green,#89AC76,137,172,118,66.7049331665039,-24.048908233642578,31.17894172668457
Olive Drab,#25221B,37,34,27,13.372791290283203,-1.2012760639190674,8.07221508026123
Traffic Green,#308446,48,132,70,48.97284698486328,-40.07477569580078,30.96986961364746
Fern Green,#3D642D,61,100,45,38.439369201660156,-25.48371124267578,30.51822853088379
Opal Green,#015D52,1,93,82,34.737667083740234,-29.263715744018555,4.7161431312561035
Light Green,#84C3BE,132,195,190,74.43319702148438,-26.21931266784668,5.691781044006348
Pine Green,#2C5545,44,85,69,32.77535629272461,-20.663841247558594,9.605262756347656
Mint Green,#20603D,32,96,61,35.96595764160156,-30.397947311401367,18.53201675415039
Signal Green,#317F43,49,127,67,47.28968811035156,-38.28657913208008,30.34885025024414
Mint Turquoise,#497E76,73,126,118,48.93144607543945,-23.161930084228516,5.563979148864746
Pastel Turquoise,#7FB5B5,127,181,181,69.9317398071289,-22.572423934936523,3.589751958847046
Pearl Green,#1C542D,28,84,45,31.288877487182617,-28.703908920288086,21.1671199798584
Pearl Opal Green,#193737,25,55,55,20.7740535736084,-13.459202766418457,0.48962217569351196
Pure Green,#008F39,0,143,57,51.772972106933594,-51.33011245727539,40.388458251953125
Luminous Green,#00BB2D,0,187,45,66.35993194580078,-64.94575500488281,60.7622184753418
Squirrel Grey,#78858B,120,133,139,54.617919921875,-7.58473539352417,2.9358203411102295
Silver Grey,#8A9597,138,149,151,60.84965515136719,-7.747129917144775,5.900162696838379
Olive Grey,#7E7B52,126,123,82,51.0991096496582,-7.264766693115234,28.66907501220703
Moss Grey,#6C7059,108,112,89,46.38898849487305,-8.007884979248047,18.22490882873535
Signal Grey,#969992,150,153,146,62.815364837646484,-6.205478668212891,11.53775691986084
Mouse Grey,#646B63,100,107,99,44.42262649536133,-7.129518508911133,9.783225059509277
Beige Grey,#6D6552,109,101,82,43.1250114440918,-2.2916135787963867,17.59183120727539
Khaki Grey,#6A5F31,106,95,49,40.56779098510742,-3.2953591346740723,32.08805847167969
Green Grey,#4D5645,77,86,69,35.36517333984375,-8.942622184753418,13.647551536560059
Tarpaulin Grey,#4C514A,76,81,74,33.82067108154297,-5.779175758361816,8.528326988220215
Iron Grey,#434B4D,67,75,77,31.210643768310547,-5.3925042152404785,2.836763858795166
Basalt Grey,#4E5754,78,87,84,36.106689453125,-6.835464000701904,6.020770072937012
Brown Grey,#464531,70,69,49,28.94509506225586,-4.721907615661621,16.354379653930664
Slate Grey,#434750,67,71,80,30.04212188720703,-2.484656572341919,-0.6786292791366577
Anthracite Grey,#293133,41,49,51,19.622966766357422,-4.958434581756592,1.4808204174041748
Black Grey,#23282B,35,40,43,15.704194068908691,-3.3497438430786133,0.8015362024307251
Umbra Grey,#332F2C,51,47,44,19.74765396118164,-0.4835326075553894,6.2723307609558105
Concrete Grey,#686C5E,104,108,94,44.957176208496094,-6.805579662322998,13.392833709716797
Graphite Grey,#474A51,71,74,81,31.373929977416992,-2.5318961143493652,0.7509739995002747
Granite Grey,#2F353B,47,53,59,21.757291793823242,-3.4324398040771484,-0.3628343641757965
Stone Grey,#8B8C7A,139,140,122,57.7734375,-6.652139663696289,16.838777542114258
Blue Grey,#474B4E,71,75,78,31.599254608154297,-3.6595773696899414,2.8788976669311523
Pebble Grey,#B8B799,184,183,153,73.8980484008789,-8.076906204223633,24.144670486450195
Cement Grey,#7D8471,125,132,113,54.14027786254883,-9.001914024353027,16.306591033935547
Yellow Grey,#8F8B66,143,139,102,57.48935317993164,-6.8111982345581055,27.04056167602539
Light Grey,#CBD0CC,203,208,204,83.0023422241211,-7.447083473205566,11.889019966125488
Platinum Grey,#7F7679,127,118,121,50.53361129760742,0.4938952624797821,6.809353828430176
Dusty Grey,#7D7F7D,125,127,125,52.97193145751953,-4.647333145141602,8.15419864654541
Agate Grey,#B5B8B1,181,184,177,74.3865737915039,-6.733828544616699,12.670188903808594
Quartz Grey,#6C6960,108,105,96,44.4791145324707,-3.2205440998077393,11.658366203308105
Window Grey,#9DA1AA,157,161,170,66.1275405883789,-4.418116569519043,3.9143617153167725
Traffic Grey A,#8D948D,141,148,141,60.57985305786133,-7.595826148986816,10.819580078125
Traffic Grey B,#4E5452,78,84,82,35.1293830871582,-5.448163986206055,5.761478900909424
Silk Grey,#CAC4B0,202,196,176,79.24053955078125,-5.320111274719238,20.39877700805664
Telegrey 1,#909090,144,144,144,59.789241790771484,-3.943671941757202,8.119806289672852
Telegrey 2,#82898F,130,137,143,56.650726318359375,-5.489896297454834,3.890338897705078
Telegrey 4,#D0D0D0,208,208,208,83.4827651977539,-5.179733753204346,10.659503936767578
Pearl Mouse Grey,#898176,137,129,118,54.451961517333984,-2.0406458377838135,14.233260154724121
Green Brown,#826C34,130,108,52,46.874717712402344,0.4321260452270508,38.787567138671875
Ochre Brown,#955F20,149,95,32,45.604087829589844,15.280441284179688,47.266178131103516
Signal Brown,#6C3B2A,108,59,42,30.902301788330078,18.11541175842285,24.10626983642578
Clay Brown,#734222,115,66,34,33.595760345458984,16.740676879882812,32.04469680786133
Copper Brown,#8E402A,142,64,42,37.54059600830078,29.438783645629883,33.62235641479492
Fawn Brown,#59351F,89,53,31,26.32747459411621,12.42800235748291,24.076566696166992
Olive Brown,#6F4F28,111,79,40,36.501365661621094,7.658600330352783,32.06781005859375
Nut Brown,#5B3A29,91,58,41,28.104129791259766,10.99770450592041,20.521188735961914
Red Brown,#592321,89,35,33,22.011743545532227,23.002965927124023,17.466413497924805
Sepia Brown,#382C1E,56,44,30,19.07659339904785,2.0849156379699707,14.349868774414062
Chestnut Brown,#633A34,99,58,52,29.457998275756836,15.471891403198242,15.98020076751709
Mahogany Brown,#4C2F27,76,47,39,22.892303466796875,10.664163589477539,14.39979076385498
Chocolate Brown,#45322E,69,50,46,22.913286209106445,6.271120071411133,9.856161117553711
Grey Brown,#403A3A,64,58,58,25.0484619140625,0.5264689326286316,5.330594062805176
Black Brown,#212121,33,33,33,12.752449989318848,-1.5084619522094727,3.1044790744781494
Orange Brown,#A65E2E,166,94,46,47.843753814697266,23.521760940551758,44.23619079589844
Beige Brown,#79553D,121,85,61,39.66012954711914,10.085655212402344,24.933521270751953
Pale Brown,#755C48,117,92,72,41.254119873046875,5.2331647872924805,20.79119110107422
Terra Brown,#4E3B31,78,59,49,26.78339958190918,5.092767238616943,13.600720405578613
Pearl Copper,#763C28,118,60,40,32.695133209228516,21.71824073791504,27.86187171936035
Cream,#FDF4E3,253,244,227,96.56078338623047,-4.845043659210205,20.83388328552246
Grey White,#E7EBDA,231,235,218,92.3930435180664,-9.191237449645996,18.92413902282715
Signal White,#F4F4F4,244,244,244,96.18986511230469,-5.8395304679870605,12.022393226623535
Signal Black,#282828,40,40,40,16.12509536743164,-1.6781857013702393,3.4462571144104004
Jet Black,#0A0A0A,10,10,10,2.7566416263580322,-0.47528302669525146,0.8555094599723816
White Aluminium,#A5A5A5,165,165,165,67.743408203125,-4.356159687042236,8.974271774291992
Grey Aluminium,#8F8F8F,143,143,143,59.40583038330078,-3.935286283493042,8.079606056213379
Pure White,#FFFFFF,255,255,255,100.0,-6.038827896118164,12.430581092834473
Graphite Black,#1C1C1C,28,28,28,10.279454231262207,-1.4047765731811523,2.828875780105591
Traffic White,#F6F6F6,246,246,246,96.88568115234375,-5.881998062133789,12.098944664001465
Traffic Black,#1E1E1E,30,30,30,11.275823593139648,-1.4907244443893433,2.9397571086883545
Papyrus White,#CFD3CD,207,211,205,84.11249542236328,-7.412837982177734,13.051538467407227
Pearl Light Grey,#9C9C9C,156,156,156,64.35948181152344,-4.183707237243652,8.613039016723633
Pearl Dark Grey,#828282,130,130,130,54.36868667602539,-3.665354013442993,7.541170120239258
Cloudy Blue,#acc2d9,172,194,217,77.31848907470703,-8.870773315429688,-3.3138844966888428
Dark Pastel Green,#56ae57,86,174,87,64.1573486328125,-44.91202163696289,42.24542999267578
Dust,#b2996e,178,153,110,64.71200561523438,0.7652554512023926,33.26304244995117
Electric Lime,#a8ff04,168,255,4,91.8729476928711,-53.779598236083984,92.09915161132812
Fresh Green,#69d84f,105,216,79,77.78836059570312,-56.195587158203125,61.84260940551758
Light Eggplant,#894585,137,69,133,40.00142288208008,33.12986373901367,-15.675110816955566
Nasty Green,#70b23f,112,178,63,66.38801574707031,-40.43555450439453,55.51559066772461
Really Light Blue,#d4ffff,212,255,255,96.98527526855469,-19.904817581176758,7.594322681427002
Tea,#65ab7c,101,171,124,64.4159927368164,-34.83846664428711,24.638277053833008
Warm Purple,#952e8f,149,46,143,38.39110565185547,48.29268264770508,-23.74773597717285
Yellowish Tan,#fcfc81,252,252,129,97.1380615234375,-17.6270809173584,66.63461303710938
Cement,#a5a391,165,163,145,66.78146362304688,-5.9306159019470215,17.935346603393555
Dark Grass Green,#388004,56,128,4,47.44785690307617,-40.950294494628906,53.0401611328125
Dusty Teal,#4c9085,76,144,133,55.101749420166016,-28.130447387695312,6.507209300994873
Grey Teal,#5e9b8a,94,155,138,59.46442794799805,-27.4105281829834,10.331258773803711
Macaroni And Cheese,#efb435,239,180,53,77.36222839355469,9.007124900817871,74.16578674316406
Pinkish Tan,#d99b82,217,155,130,69.67292785644531,16.877561569213867,30.588464736938477
Spruce,#0a5f38,10,95,56,35.03201675415039,-34.43942642211914,19.94953727722168
Strong Blue,#0c06f7,12,6,247,29.023561477661133,62.62862014770508,-96.87216186523438
Toxic Green,#61de2a,97,222,42,79.14241027832031,-62.189517974853516,74.69632720947266
Windows Blue,#3778bf,55,120,191,48.85226058959961,-6.104487895965576,-34.394256591796875
Blue Blue,#2242c7,34,66,199,33.394832611083984,26.407623291015625,-63.802181243896484
Blue With A Hint Of Purple,#533cc6,83,60,198,35.17186737060547,36.47419357299805,-60.193580627441406
Booger,#9bb53c,155,181,60,69.96183776855469,-25.9271297454834,61.428096771240234
Bright Sea Green,#05ffa6,5,255,166,88.9450912475586,-71.90419006347656,37.44231033325195
Dark Green Blue,#1f6357,31,99,87,37.53505325317383,-26.98440933227539,5.9979424476623535
Deep Turquoise,#017374,1,115,116,43.29711151123047,-30.565473556518555,-1.9405471086502075
Green Teal,#0cb577,12,181,119,65.2254638671875,-54.80116653442383,27.827533721923828
Strong Pink,#ff0789,255,7,137,55.995033264160156,79.0978775024414,8.6117525100708
Bland,#afa88b,175,168,139,68.87814331054688,-5.399284362792969,24.105403900146484
Deep Aqua,#08787f,8,120,127,45.368892669677734,-29.54576873779297,-4.934589385986328
Lavender Pink,#dd85d7,221,133,215,67.2881088256836,38.56707000732422,-17.016630172729492
Light Moss Green,#a6c875,166,200,117,76.6611099243164,-26.6939754486084,45.109291076660156
Light Seafoam Green,#a7ffb5,167,255,181,93.05658721923828,-43.75665283203125,36.7945671081543
Olive Yellow,#c2b709,194,183,9,73.5251693725586,-12.036267280578613,78.0876235961914
Pig Pink,#e78ea5,231,142,165,69.07384490966797,31.816970825195312,11.910277366638184
Deep Lilac,#966ebd,150,110,189,52.99862289428711,24.076173782348633,-26.237201690673828
Desert,#ccad60,204,173,96,72.2959213256836,-0.0263381227850914,50.279014587402344
Dusty Lavender,#ac86a8,172,134,168,60.463253021240234,15.122088432312012,-3.2930731773376465
Purpley Grey,#947e94,148,126,148,55.420677185058594,7.8996357917785645,-0.4172062873840332
Purply,#983fb2,152,63,178,43.12955093383789,46.832706451416016,-35.84029006958008
Candy Pink,#ff63e9,255,99,233,66.61430358886719,65.7288589477539,-26.96630096435547
Light Pastel Green,#b2fba5,178,251,165,92.28752899169922,-40.50470733642578,43.31586837768555
Boring Green,#63b365,99,179,101,66.43477630615234,-41.732357025146484,38.66926574707031
Kiwi Green,#8ee53f,142,229,63,83.17860412597656,-50.99894332885742,73.6383285522461
Light Grey Green,#b7e1a1,183,225,161,85.34100341796875,-27.779321670532227,35.9422607421875
Orange Pink,#ff6f52,255,111,82,65.07838439941406,49.78200149536133,50.29533767700195
Tea Green,#bdf8a3,189,248,163,92.0622787475586,-35.822025299072266,44.07666778564453
Very Light Brown,#d3b683,211,182,131,75.70064544677734,0.6906059384346008,38.007938385009766
Egg Shell,#fffcc4,255,252,196,98.18643188476562,-11.252172470092773,37.865455627441406
Eggplant Purple,#430541,67,5,65,13.682384490966797,31.77297592163086,-16.45339584350586
Powder Pink,#ffb2d0,255,178,208,80.72956085205078,26.51303482055664,7.254059314727783
Reddish Grey,#997570,153,117,112,52.75429153442383,10.240147590637207,15.341368675231934
Baby Shit Brown,#ad900d,173,144,13,61.05879211425781,-1.1217851638793945,66.94573211669922
Liliac,#c48efd,196,142,253,67.74114227294922,31.974857330322266,-36.12248611450195
Stormy Blue,#507b9c,80,123,156,49.49522018432617,-11.520524024963379,-14.343174934387207
Ugly Brown,#7d7103,125,113,3,47.503028869628906,-6.215968132019043,55.62710952758789
Custard,#fffd78,255,253,120,97.5545654296875,-17.46219253540039,70.90885162353516
Darkish Pink,#da467d,218,70,125,53.19484329223633,56.94777297973633,10.249685287475586
Deep Brown,#410200,65,2,0,10.709228515625,27.652095794677734,17.228450775146484
Greenish Beige,#c9d179,201,209,121,81.7654800415039,-17.376312255859375,50.33867645263672
Manilla,#fffa86,255,250,134,96.91433715820312,-15.245440483093262,64.31452178955078
Off Blue,#5684ae,86,132,174,53.14506149291992,-10.592973709106445,-18.413387298583984
Battleship Grey,#6b7c85,107,124,133,50.85487747192383,-8.33936595916748,0.47974666953086853
Browny Green,#6f6c0a,111,108,10,44.669517517089844,-9.849259376525879,51.280113220214844
Bruise,#7e4071,126,64,113,36.58763122558594,29.38646697998047,-9.534708023071289
Kelley Green,#009337,0,147,55,53.11515808105469,-52.743404388427734,42.82805252075195
Sickly Yellow,#d0e429,208,228,41,86.89408111572266,-27.245264053344727,84.5793685913086
Sunny Yellow,#fff917,255,249,23,96.08631896972656,-18.56728172302246,96.82921600341797
Azul,#1d5dec,29,93,236,43.07045364379883,21.01044273376465,-67.73194122314453
Darkgreen,#054907,5,73,7,26.229761123657227,-32.6910400390625,32.77131271362305
Green/yellow,#b5ce08,181,206,8,78.7796859741211,-28.360305786132812,81.73406219482422
Lichen,#8fb67b,143,182,123,70.07128143310547,-26.067256927490234,33.29120635986328
Light Light Green,#c8ffb0,200,255,176,94.81440734863281,-33.87443542480469,41.866607666015625
Pale Gold,#fdde6c,253,222,108,89.45299530029297,-4.117661476135254,66.49950408935547
Sun Yellow,#ffdf22,255,223,34,89.50865936279297,-6.125690460205078,90.01260375976562
Tan Green,#a9be70,169,190,112,74.01382446289062,-21.28354263305664,44.142215728759766
Burple,#6832e3,104,50,227,37.876365661621094,51.383548736572266,-71.30848693847656
Butterscotch,#fdb147,253,177,71,78.31609344482422,16.707433700561523,69.36663818359375
Toupe,#c7ac7d,199,172,125,71.9093017578125,0.5747776627540588,35.70357131958008
Dark Cream,#fff39a,255,243,154,95.35484313964844,-10.574736595153809,53.55482864379883
Indian Red,#850e04,133,14,4,28.218114852905273,44.61006546020508,41.57020568847656
Light Lavendar,#efc0fe,239,192,254,83.44103240966797,19.737092971801758,-11.917889595031738
Poison Green,#40fd14,64,253,20,87.78323364257812,-78.37896728515625,85.7548599243164
Baby Puke Green,#b6c406,182,196,6,76.06739044189453,-23.33102035522461,79.82156372070312
Bright Yellow Green,#9dff00,157,255,0,91.32573699951172,-57.39597702026367,91.64755249023438
Charcoal Grey,#3c4142,60,65,66,27.084882736206055,-4.186144828796387,3.3327994346618652
Squash,#f2ab15,242,171,21,75.4469223022461,14.243417739868164,80.58428192138672
Cinnamon,#ac4f06,172,79,6,45.34780502319336,32.86262130737305,56.870235443115234
Light Pea Green,#c4fe82,196,254,130,93.75171661376953,-38.96890640258789,61.03830337524414
Radioactive Green,#2cfa1f,44,250,31,86.5977783203125,-79.6560287475586,83.1427230834961
Raw Sienna,#9a6200,154,98,0,46.9028205871582,15.247418403625488,57.68378448486328
Baby Purple,#ca9bf7,202,155,247,71.05870056152344,25.98123550415039,-27.81804656982422
Cocoa,#875f42,135,95,66,44.12542724609375,10.859952926635742,28.36193084716797
Light Royal Blue,#3a2efe,58,46,254,35.80079650878906,54.09157180786133,-89.17132568359375
Orangeish,#fd8d49,253,141,73,70.41710662841797,34.74626541137695,60.34108352661133
Rust Brown,#8b3103,139,49,3,33.878177642822266,34.66150665283203,47.146446228027344
Sand Brown,#cba560,203,165,96,70.15479278564453,3.679299831390381,47.655460357666016
Swamp,#698339,105,131,57,51.453433990478516,-22.23451805114746,41.06825256347656
Tealish Green,#0cdc73,12,220,115,77.54222106933594,-67.77376556396484,45.908626556396484
Burnt Siena,#b75203,183,82,3,47.734493255615234,35.59257507324219,60.083133697509766
Camo,#7f8f4e,127,143,78,56.9562873840332,-17.635051727294922,38.19114685058594
Dusk Blue,#26538d,38,83,141,34.495967864990234,-2.333263635635376,-29.668617248535156
Fern,#63a950,99,169,80,63.103153228759766,-39.6940803527832,44.322349548339844
Old Rose,#c87f89,200,127,137,61.2880744934082,25.585763931274414,14.904840469360352
Pale Light Green,#b1fc99,177,252,153,92.3565444946289,-42.48143768310547,48.883968353271484
Peachy Pink,#ff9a8a,255,154,138,74.15664672851562,32.337913513183594,33.49016189575195
Rosy Pink,#f6688e,246,104,142,63.39138412475586,52.97577667236328,16.262605667114258
Light Bluish Green,#76fda8,118,253,168,90.24520111083984,-57.574073791503906,38.64022445678711
Light Bright Green,#53fe5c,83,254,92,88.75154876708984,-72.69334411621094,68.97442626953125
Light Neon Green,#4efd54,78,253,84,88.28643035888672,-73.77047729492188,71.28191375732422
Light Seafoam,#a0febf,160,254,191,92.59268951416016,-44.10682678222656,31.389854431152344
Tiffany Blue,#7bf2da,123,242,218,88.1226577758789,-44.48992156982422,11.827220916748047
Washed Out Green,#bcf5a6,188,245,166,91.21949005126953,-34.52681350708008,41.553627014160156
Browny Orange,#ca6b02,202,107,2,55.76454544067383,30.567655563354492,66.89652252197266
Nice Blue,#107ab0,16,122,176,47.8787956237793,-16.121524810791016,-27.917190551757812
Sapphire,#2138ab,33,56,171,28.484495162963867,23.79743766784668,-56.40188980102539
Greyish Teal,#719f91,113,159,145,61.868492126464844,-22.32189178466797,10.29590129852295
Orangey Yellow,#fdb915,253,185,21,79.99771881103516,11.676307678222656,84.63482666015625
Parchment,#fefcaf,254,252,175,97.80766296386719,-13.527012825012207,47.115196228027344
Straw,#fcf679,252,246,121,95.53382873535156,-15.291996955871582,68.08588409423828
Very Dark Brown,#1d0200,29,2,0,2.8669071197509766,9.386839866638184,4.562716960906982
Terracota,#cb6843,203,104,67,55.6317253112793,33.826416015625,44.41815185546875
Ugly Blue,#31668a,49,102,138,40.814815521240234,-12.077742576599121,-17.97425651550293
Clear Blue,#247afd,36,122,253,52.171627044677734,9.442444801330566,-61.74432373046875
Creme,#ffffb6,255,255,182,98.74027252197266,-13.963995933532715,45.138580322265625
Foam Green,#90fda9,144,253,169,91.2512435913086,-50.94949722290039,39.73489761352539
Grey/green,#86a17d,134,161,125,63.42411804199219,-18.953338623046875,23.11627769470215
Light Gold,#fddc5c,253,220,92,88.83251953125,-3.8882646560668945,72.26492309570312
Seafoam Blue,#78d1b6,120,209,182,77.71429443359375,-37.252769470214844,14.403477668762207
Topaz,#13bbaf,19,187,175,68.29448699951172,-46.00459671020508,3.805150032043457
Violet Pink,#fb5ffc,251,95,252,66.1792984008789,68.38138580322266,-37.519718170166016
Wintergreen,#20f986,32,249,134,86.8460693359375,-73.24053955078125,49.280757904052734
Yellow Tan,#ffe36e,255,227,110,90.89947509765625,-5.657025337219238,67.3820571899414
Dark Fuchsia,#9d0759,157,7,89,34.508419036865234,54.886497497558594,2.291872978210449
Indigo Blue,#3a18b1,58,24,177,24.513816833496094,45.0739631652832,-66.27471923828125
Light Yellowish Green,#c2ff89,194,255,137,93.97666931152344,-39.534027099609375,58.275245666503906
Pale Magenta,#d767ad,215,103,173,59.31356430053711,46.277069091796875,-7.0784783363342285
Rich Purple,#720058,114,0,88,24.74466896057129,46.19231414794922,-12.950444221496582
Sunflower Yellow,#ffda03,255,218,3,88.21630859375,-3.96064829826355,92.55690002441406
Green/blue,#01c08d,1,192,141,69.0519027709961,-55.30555725097656,22.122222900390625
Leather,#ac7434,172,116,52,53.926612854003906,14.416078567504883,48.27891540527344
Racing Green,#014600,1,70,0,24.94454002380371,-32.77743911743164,33.739810943603516
Vivid Purple,#9900fa,153,0,250,42.574851989746094,72.8960189819336,-75.47142791748047
Dark Royal Blue,#02066f,2,6,111,9.85891056060791,32.18523406982422,-52.29175567626953
Hazel,#8e7618,142,118,24,50.75882339477539,-0.8007739186286926,54.447052001953125
Muted Pink,#d1768f,209,118,143,60.633968353271484,34.04719161987305,10.929495811462402
Booger Green,#96b403,150,180,3,69.12208557128906,-28.900545120239258,73.46432495117188
Canary,#fdff63,253,255,99,97.75370025634766,-20.1828670501709,79.1937255859375
Cool Grey,#95a3a6,149,163,166,65.94823455810547,-8.87358570098877,5.648749351501465
Dark Taupe,#7f684e,127,104,78,45.77931213378906,3.2944259643554688,23.78912353515625
Darkish Purple,#751973,117,25,115,28.620485305786133,44.155887603759766,-23.279272079467773
True Green,#089404,8,148,4,53.271034240722656,-55.205345153808594,57.52167892456055
Coral Pink,#ff6163,255,97,99,62.981163024902344,56.34961700439453,39.03026580810547
Dark Sage,#598556,89,133,86,51.387062072753906,-26.43196678161621,26.35555076599121
Dark Slate Blue,#214761,33,71,97,28.33151626586914,-9.366822242736816,-13.746994972229004
Flat Blue,#3c73a8,60,115,168,46.5395622253418,-8.862529754638672,-25.584110260009766
Mushroom,#ba9e88,186,158,136,67.2216796875,3.7552130222320557,23.52459144592285
Rich Blue,#021bf9,2,27,249,30.735698699951172,58.16791915893555,-95.06192779541016
Dirty Purple,#734a65,115,74,101,36.95255661010742,18.185771942138672,-2.1272852420806885
Greenblue,#23c48b,35,196,139,70.53813171386719,-55.133453369140625,25.23296546936035
Icky Green,#8fae22,143,174,34,66.94103240966797,-28.425601959228516,66.3182144165039
Light Khaki,#e6f2a2,230,242,162,93.21257019042969,-18.75499153137207,46.661808013916016
Warm Blue,#4b57db,75,87,219,42.29585266113281,25.00048828125,-59.89509963989258
Dark Hot Pink,#d90166,217,1,102,47.309505462646484,69.65472412109375,14.943621635437012
Deep Sea Blue,#015482,1,84,130,33.381813049316406,-10.563177108764648,-25.20906639099121
Carmine,#9d0216,157,2,22,33.1133918762207,52.98887634277344,40.92826461791992
Dark Yellow Green,#728f02,114,143,2,55.52325439453125,-26.366348266601562,61.55379867553711
Pale Peach,#ffe5ad,255,229,173,92.1112060546875,-2.3127200603485107,40.483856201171875
Plum Purple,#4e0550,78,5,80,16.93531036376953,36.220787048339844,-20.841812133789062
Golden Rod,#f9bc08,249,188,8,80.25889587402344,8.44680404663086,86.06741333007812
Neon Red,#ff073a,255,7,58,54.70695877075195,76.30547332763672,51.11909484863281
Old Pink,#c77986,199,121,134,59.75605773925781,28.060941696166992,14.302837371826172
Very Pale Blue,#d6fffe,214,255,254,97.09090423583984,-19.435287475585938,8.244336128234863
Blood Orange,#fe4b03,254,75,3,59.057960510253906,62.23054885864258,73.99566650390625
Grapefruit,#fd5956,253,89,86,61.28275680541992,58.34952926635742,43.690223693847656
Sand Yellow,#fce166,252,225,102,90.06343841552734,-6.2605180740356445,69.62065887451172
Clay Brown,#b2713d,178,113,61,54.05302810668945,18.93968391418457,44.4730110168457
Dark Blue Grey,#1f3b4d,31,59,77,23.3077392578125,-8.331890106201172,-9.392951011657715
Flat Green,#699d4c,105,157,76,59.667415618896484,-32.8553466796875,42.07716751098633
Light Green Blue,#56fca2,86,252,162,88.95085906982422,-64.36690521240234,39.500892639160156
Warm Pink,#fb5581,251,85,129,61.042747497558594,61.25862503051758,20.126935958862305
Dodger Blue,#3e82fc,62,130,252,55.04831314086914,7.153133869171143,-56.5284309387207
Gross Green,#a0bf16,160,191,22,73.03914642333984,-29.710250854492188,74.69203186035156
Ice,#d6fffa,214,255,250,97.0039291381836,-20.014366149902344,10.032732963562012
Metallic Blue,#4f738e,79,115,142,46.5395622253418,-10.671073913574219,-11.211023330688477
Pale Salmon,#ffb19a,255,177,154,79.45536804199219,22.004547119140625,32.609371185302734
Sap Green,#5c8b15,92,139,21,52.88169479370117,-32.89258575439453,55.31753921508789
Algae,#54ac68,84,172,104,63.6650276184082,-42.73365020751953,33.469818115234375
Bluey Grey,#89a0b0,137,160,176,64.48468780517578,-9.77096176147461,-1.8474928140640259
Greeny Grey,#7ea07a,126,160,122,62.52803039550781,-21.743785858154297,23.31915283203125
Highlighter Green,#1bfc06,27,252,6,87.02439880371094,-81.87252807617188,86.04849243164062
Light Light Blue,#cafffb,202,255,251,96.27935791015625,-23.560771942138672,8.388751029968262
Light Mint,#b6ffbb,182,255,187,93.9333267211914,-38.45998001098633,35.33348846435547
Raw Umber,#a75e09,167,94,9,47.796974182128906,23.12366485595703,57.39764404296875
Vivid Blue,#152eff,21,46,255,34.3648567199707,52.547149658203125,-92.13623046875
Deep Lavender,#8d5eb7,141,94,183,48.03019332885742,28.998035430908203,-30.89725112915039
Dull Teal,#5f9e8f,95,158,143,60.53921890258789,-27.651214599609375,9.272149085998535
Light Greenish Blue,#63f7b4,99,247,180,88.08016967773438,-57.663360595703125,29.92388153076172
Mud Green,#606602,96,102,2,41.42797088623047,-13.71623420715332,49.70690155029297
Pinky,#fc86aa,252,134,170,70.30001068115234,43.46474838256836,11.478461265563965
Red Wine,#8c0034,140,0,52,29.511722564697266,49.90186309814453,17.615684509277344
Shit Green,#758000,117,128,0,51.190677642822266,-17.774818420410156,58.610286712646484
Tan Brown,#ab7e4c,171,126,76,56.539249420166016,9.783889770507812,39.780921936035156
Darkblue,#030764,3,7,100,8.507226943969727,28.806846618652344,-47.76641082763672
Rosa,#fe86a4,254,134,164,70.44474029541016,43.63505172729492,14.867952346801758
Lipstick,#d5174e,213,23,78,46.80636215209961,65.55389404296875,28.09847068786621
Pale Mauve,#fed0fc,254,208,252,88.52677154541016,16.350173950195312,-3.0912585258483887
Claret,#680018,104,0,24,20.57335662841797,39.87291717529297,22.305965423583984
Dandelion,#fedf08,254,223,8,89.37726593017578,-6.7628374099731445,92.99996185302734
Orangered,#fe420f,254,66,15,58.01479721069336,65.15682220458984,71.15670776367188
Poop Green,#6f7c00,111,124,0,49.480411529541016,-18.396167755126953,57.035736083984375
Ruby,#ca0147,202,1,71,43.562355041503906,65.04475402832031,27.46294403076172
Dark,#1b2431,27,36,49,13.790125846862793,-2.5168681144714355,-6.169989585876465
Greenish Turquoise,#00fbb0,0,251,176,87.87308502197266,-69.2260971069336,31.28638458251953
Pastel Red,#db5856,219,88,86,55.39576721191406,47.833534240722656,34.900169372558594
Piss Yellow,#ddd618,221,214,24,84.14891815185547,-15.76521110534668,85.81301879882812
Bright Cyan,#41fdfe,65,253,254,90.60269165039062,-51.510536193847656,-2.1477315425872803
Dark Coral,#cf524e,207,82,78,52.27397155761719,46.05290985107422,34.7969856262207
Algae Green,#21c36f,33,195,111,69.77664184570312,-59.15281677246094,37.822044372558594
Darkish Red,#a90308,169,3,8,35.79487991333008,55.67842483520508,50.260986328125
Reddy Brown,#6e1005,110,16,5,23.16333770751953,37.41356658935547,34.0908088684082
Blush Pink,#fe828c,254,130,140,69.20964813232422,43.73398208618164,25.687458038330078
Camouflage Green,#4b6113,75,97,19,38.15391540527344,-20.093355178833008,41.69989013671875
Lawn Green,#4da409,77,164,9,60.146915435791016,-48.131656646728516,63.44501876831055
Putty,#beae8a,190,174,138,71.78585052490234,-2.7914392948150635,28.86866569519043
Vibrant Blue,#0339f8,3,57,248,35.28681945800781,44.831180572509766,-86.93245697021484
Dark Sand,#a88f59,168,143,89,60.790462493896484,0.266733855009079,38.508663177490234
Purple/blue,#5d21d0,93,33,208,32.5877571105957,52.52206039428711,-69.8576431274414
Saffron,#feb209,254,178,9,78.44977569580078,15.519867897033691,84.98870086669922
Twilight,#4e518b,78,81,139,36.287353515625,8.115516662597656,-25.501012802124023
Warm Brown,#964e02,150,78,2,41.605560302734375,24.483474731445312,53.423553466796875
Bluegrey,#85a3b2,133,163,178,65.10253143310547,-12.266374588012695,-2.0022666454315186
Bubble Gum Pink,#ff69af,255,105,175,65.72061920166016,57.81474304199219,2.1816482543945312
Duck Egg Blue,#c3fbf4,195,251,244,94.64865112304688,-24.89521598815918,9.29838752746582
Greenish Cyan,#2afeb7,42,254,183,89.13505554199219,-67.27544403076172,29.770462036132812
Petrol,#005f6a,0,95,106,36.13591384887695,-23.968521118164062,-7.090519428253174
Royal,#0c1793,12,23,147,17.7493839263916,34.496177673339844,-60.53254318237305
Butter,#ffff81,255,255,129,98.142578125,-17.882957458496094,67.88973999023438
Dusty Orange,#f0833a,240,131,58,66.44879150390625,34.27321243286133,61.99005126953125
Off Yellow,#f1f33f,241,243,63,93.5059814453125,-20.605548858642578,86.25653076171875
Pale Olive Green,#b1d27b,177,210,123,80.28630828857422,-26.74960708618164,47.111019134521484
Orangish,#fc824a,252,130,74,68.07042694091797,39.72080612182617,57.32164764404297
Leaf,#71aa34,113,170,52,63.92189025878906,-37.35593032836914,57.030006408691406
Light Blue Grey,#b7c9e2,183,201,226,80.1903076171875,-7.3949055671691895,-3.4231722354888916
Dried Blood,#4b0101,75,1,1,13.150261878967285,31.121427536010742,20.771732330322266
Lightish Purple,#a552e6,165,82,230,50.93648910522461,49.76366424560547,-51.220943450927734
Rusty Red,#af2f0d,175,47,13,40.56779098510742,47.775753021240234,52.26094436645508
Lavender Blue,#8b88f8,139,136,248,60.85503387451172,18.266572952270508,-44.8664665222168
Light Grass Green,#9af764,154,247,100,89.22978210449219,-52.16080856323242,67.30183410644531
Light Mint Green,#a6fbb2,166,251,178,91.841552734375,-42.745052337646484,36.536537170410156
Sunflower,#ffc512,255,197,18,83.07842254638672,6.469123840332031,87.43730926513672
Velvet,#750851,117,8,81,25.65206527709961,44.734867095947266,-7.101406574249268
Brick Orange,#c14a09,193,74,9,47.98756408691406,42.995792388916016,59.90373992919922
Lightish Red,#fe2f4a,254,47,74,56.57845687866211,71.08931732177734,44.543949127197266
Pure Blue,#0203e2,2,3,226,25.825237274169922,58.835201263427734,-91.05355072021484
Twilight Blue,#0a437a,10,67,122,27.491607666015625,-2.3078198432922363,-29.94332504272461
Violet Red,#a50055,165,0,85,35.82445526123047,57.33724594116211,6.8999810218811035
Yellowy Brown,#ae8b0c,174,139,12,59.84172821044922,1.939847707748413,66.22454833984375
Carnation,#fd798f,253,121,143,67.43891143798828,47.78260040283203,21.62396812438965
Muddy Yellow,#bfac05,191,172,5,70.30001068115234,-7.846804141998291,75.9065170288086
Dark Seafoam Green,#3eaf76,62,175,118,64.08561706542969,-47.01449966430664,26.932327270507812
Deep Rose,#c74767,199,71,103,49.543304443359375,49.42813491821289,16.916404724121094
Dusty Red,#b9484e,185,72,78,46.83854675292969,42.99253845214844,26.944660186767578
Grey/blue,#647d8e,100,125,142,50.8939323425293,-9.599967956542969,-4.439783096313477
Lemon Lime,#bffe28,191,254,40,92.91890716552734,-44.96185302734375,89.50498962402344
Purple/pink,#d725de,215,37,222,52.80128479003906,74.21780395507812,-43.503334045410156
Brown Yellow,#b29705,178,151,5,63.4266357421875,-2.6898884773254395,70.10466766357422
Purple Brown,#673a3f,103,58,63,30.28057098388672,18.1966495513916,10.565335273742676
Wisteria,#a87dc2,168,125,194,58.67837142944336,22.5263614654541,-19.87908172607422
Banana Yellow,#fafe4b,250,254,75,97.12689208984375,-21.795072555541992,86.51718139648438
Lipstick Red,#c0022f,192,2,47,41.11817169189453,61.93024444580078,37.98047637939453
Water Blue,#0e87cc,14,135,204,53.09188461303711,-14.64391040802002,-34.660701751708984
Brown Grey,#8d8468,141,132,104,55.38642120361328,-3.6835131645202637,23.096315383911133
Vibrant Purple,#ad03de,173,3,222,43.922698974609375,71.50605773925781,-58.267601013183594
Baby Green,#8cff9e,140,255,158,91.50875854492188,-54.10622787475586,45.10886001586914
Barf Green,#94ac02,148,172,2,66.64918518066406,-26.009248733520508,71.56327819824219
Eggshell Blue,#c4fff7,196,255,247,95.83678436279297,-25.970640182495117,9.606711387634277
Sandy Yellow,#fdee73,253,238,115,93.53245544433594,-11.450898170471191,68.28034210205078
Cool Green,#33b864,51,184,100,66.42776489257812,-54.67013931274414,38.76372528076172
Pale,#fff9d0,255,249,208,97.62593841552734,-8.621928215026855,31.4307918548584
Blue/grey,#758da3,117,141,163,57.34205627441406,-8.657949447631836,-5.899083614349365
Hot Magenta,#f504c9,245,4,201,56.01953125,81.59099578857422,-26.759380340576172
Greyblue,#77a1b5,119,161,181,63.72003173828125,-15.035862922668457,-5.7481889724731445
Purpley,#8756e4,135,86,228,47.95652389526367,40.31486129760742,-55.189945220947266
Baby Shit Green,#889717,136,151,23,59.63134765625,-20.6382999420166,62.22182083129883
Brownish Pink,#c27e79,194,126,121,59.99325180053711,22.396947860717773,21.49415397644043
Dark Aquamarine,#017371,1,115,113,43.211185455322266,-31.305492401123047,-0.3889410197734833
Diarrhea,#9f8303,159,131,3,56.0776481628418,-0.5146331787109375,63.884056091308594
Light Mustard,#f7d560,247,213,96,86.55552673339844,-2.6842339038848877,68.00126647949219
Pale Sky Blue,#bdf6fe,189,246,254,93.1912612915039,-22.790027618408203,2.2823712825775146
Turtle Green,#75b84f,117,184,79,68.6061782836914,-40.16299819946289,51.561275482177734
Bright Olive,#9cbb04,156,187,4,71.57725524902344,-29.696670532226562,75.50655364990234
Dark Grey Blue,#29465b,41,70,91,28.161195755004883,-8.363529205322266,-10.370980262756348
Greeny Brown,#696006,105,96,6,40.47335433959961,-6.118347644805908,48.46601104736328
Lemon Green,#adf802,173,248,2,90.13819122314453,-49.34800720214844,90.96330261230469
Light Periwinkle,#c1c6fc,193,198,252,80.8769760131836,1.6126883029937744,-15.260143280029297
Seaweed Green,#35ad6b,53,173,107,63.049827575683594,-49.51890563964844,30.97365951538086
Sunshine Yellow,#fffd37,255,253,55,97.18766021728516,-19.9220027923584,92.14967346191406
Ugly Purple,#a442a0,164,66,160,44.64794158935547,46.28654861450195,-23.310611724853516
Medium Pink,#f36196,243,97,150,61.95481491088867,55.560569763183594,9.8071870803833
Puke Brown,#947706,148,119,6,51.63788604736328,1.0583213567733765,59.45595169067383
Very Light Pink,#fff4f2,255,244,242,97.01885223388672,-2.3690783977508545,14.316362380981445
Viridian,#1e9167,30,145,103,53.399845123291016,-43.176979064941406,19.7852840423584
Bile,#b5c306,181,195,6,75.71009063720703,-23.273361206054688,79.50724029541016
Faded Yellow,#feff7f,254,255,127,98.04621887207031,-18.380125045776367,68.58639526367188
Very Pale Green,#cffdbc,207,253,188,94.8880615234375,-29.331729888916016,36.454345703125
Vibrant Green,#0add08,10,221,8,77.23818969726562,-74.66380310058594,77.54387664794922
Bright Lime,#87fd05,135,253,5,89.78038787841797,-63.293861389160156,89.59355163574219
Spearmint,#1ef876,30,248,118,86.35131072998047,-74.84100341796875,55.608646392822266
Light Aquamarine,#7bfdc7,123,253,199,90.91475677490234,-52.04747772216797,24.97801399230957
Light Sage,#bcecac,188,236,172,88.8411865234375,-29.855276107788086,35.52173614501953
Yellowgreen,#bbf90f,187,249,15,91.23744201660156,-44.70093536376953,91.33698272705078
Baby Poo,#ab9004,171,144,4,60.836212158203125,-2.0999648571014404,67.91963958740234
Dark Seafoam,#1fb57a,31,181,122,65.44866943359375,-53.0041618347168,26.676021575927734
Deep Teal,#00555a,0,85,90,32.105445861816406,-23.615365982055664,-3.8847413063049316
Heather,#a484ac,164,132,172,59.251930236816406,13.93234920501709,-7.345152378082275
Rust Orange,#c45508,196,85,8,50.45819854736328,39.06013107299805,61.92720031738281
Dirty Blue,#3f829d,63,130,157,50.86908721923828,-19.117483139038086,-12.857634544372559
Fern Green,#548d44,84,141,68,53.406436920166016,-33.77517318725586,37.88961410522461
Bright Lilac,#c95efb,201,94,251,58.843143463134766,56.44358825683594,-49.18218994140625
Weird Green,#3ae57f,58,229,127,80.96656036376953,-65.35693359375,44.969295501708984
Peacock Blue,#016795,1,103,149,40.498233795166016,-15.08798885345459,-24.721895217895508
Avocado Green,#87a922,135,169,34,64.90895080566406,-29.3044490814209,64.22431182861328
Faded Orange,#f0944d,240,148,77,70.21891784667969,26.408349990844727,57.75786209106445
Grape Purple,#5d1451,93,20,81,21.71268653869629,35.514556884765625,-13.683799743652344
Hot Green,#25ff29,37,255,41,88.08895874023438,-81.31037902832031,82.70919036865234
Lime Yellow,#d0fe1d,208,254,29,93.95565795898438,-38.93219757080078,92.650634765625
Mango,#ffa62b,255,166,43,75.9022445678711,22.33784294128418,76.73638153076172
Shamrock,#01b44c,1,180,76,64.30043029785156,-60.535186767578125,46.88864517211914
Bubblegum,#ff6cb5,255,108,181,66.35993194580078,57.060821533203125,-0.056480444967746735
Purplish Brown,#6b4247,107,66,71,33.04087829589844,16.02777099609375,9.756331443786621
Vomit Yellow,#c7c10c,199,193,12,76.65556335449219,-14.829822540283203,80.43262481689453
Pale Cyan,#b7fffa,183,255,250,95.1727066040039,-29.304967880249023,7.092554569244385
Key Lime,#aeff6e,174,255,110,92.60211181640625,-48.254791259765625,67.55602264404297
Tomato Red,#ec2d01,236,45,1,52.44047927856445,65.8046875,69.30402374267578
Lightgreen,#76ff7b,118,255,123,90.29019927978516,-63.26073455810547,58.79248809814453
Merlot,#730039,115,0,57,23.86501121520996,44.11878204345703,5.511956691741943
Night Blue,#040348,4,3,72,4.383059978485107,20.335039138793945,-36.70224380493164
Purpleish Pink,#df4ec8,223,78,200,57.43639373779297,61.89549255371094,-24.33794403076172
Apple,#6ecb3c,110,203,60,73.90983581542969,-51.147789001464844,64.58683776855469
Baby Poop Green,#8f9805,143,152,5,60.45510482788086,-18.421077728271484,66.14929962158203
Green Apple,#5edc1f,94,220,31,78.39812469482422,-62.59054183959961,76.26617431640625
Heliotrope,#d94ff5,217,79,245,58.5728759765625,65.41209411621094,-46.35163879394531
Yellow/green,#c8fd3d,200,253,61,93.2578125,-40.74831008911133,85.33573913574219
Almost Black,#070d0d,7,13,13,3.2528369426727295,-2.1387736797332764,0.47528302669525146
Cool Blue,#4984b8,73,132,184,52.875,-11.209723472595215,-24.247804641723633
Leafy Green,#51b73b,81,183,59,66.55842590332031,-51.9350471496582,56.75434875488281
Mustard Brown,#ac7e04,172,126,4,56.23014450073242,7.942144393920898,64.64198303222656
Dusk,#4e5481,78,84,129,36.70793151855469,3.922839641571045,-19.125764846801758
Dull Brown,#876e4b,135,110,75,48.25403594970703,3.114532232284546,28.848270416259766
Frog Green,#58bc08,88,188,8,68.20052337646484,-53.65653991699219,70.55138397216797
Vivid Green,#2fef10,47,239,16,83.20764923095703,-76.69184112548828,82.11505126953125
Bright Light Green,#2dfe54,45,254,84,88.05817413330078,-78.28881072998047,70.85382843017578
Fluro Green,#0aff02,10,255,2,87.85983276367188,-83.38232421875,86.97748565673828
Kiwi,#9cef43,156,239,67,86.81303405761719,-50.173919677734375,76.32861328125
Seaweed,#18d17b,24,209,123,74.26786041259766,-62.765682220458984,38.00278091430664
Navy Green,#35530a,53,83,10,31.836347579956055,-22.870725631713867,37.89213562011719
Ultramarine Blue,#1805db,24,5,219,25.578718185424805,57.31241989135742,-87.67994689941406
Iris,#6258c4,98,88,196,42.85121536254883,23.205108642578125,-46.534690856933594
Pastel Orange,#ff964f,255,150,79,72.6145248413086,31.28122901916504,60.14873123168945
Yellowish Orange,#ffab0f,255,171,15,76.9615707397461,19.478483200073242,83.3604507446289
Perrywinkle,#8f8ce7,143,140,231,61.44194030761719,13.474154472351074,-35.140777587890625
Tealish,#24bca8,36,188,168,68.62391662597656,-46.66874694824219,7.8887104988098145
Dark Plum,#3f012c,63,1,44,11.12559986114502,30.037729263305664,-6.324265003204346
Pear,#cbf85f,203,248,95,92.2563705444336,-36.10222244262695,73.47777557373047
Pinkish Orange,#ff724c,255,114,76,65.54668426513672,48.24947738647461,53.76177215576172
Midnight Purple,#280137,40,1,55,6.560806751251221,25.60239601135254,-21.534408569335938
Light Urple,#b36ff6,179,111,246,58.98178482055664,41.96189498901367,-46.5567741394043
Dark Mint,#48c072,72,192,114,69.65345764160156,-51.950645446777344,36.400447845458984
Greenish Tan,#bccb7a,188,203,122,79.14767456054688,-19.410964965820312,46.328094482421875
Light Burgundy,#a8415b,168,65,91,42.96104049682617,41.151588439941406,13.62869644165039
Turquoise Blue,#06b1c4,6,177,196,65.67780303955078,-37.43849182128906,-10.924416542053223
Ugly Pink,#cd7584,205,117,132,59.645225524902344,32.13261413574219,15.345958709716797
Sandy,#f1da7a,241,218,122,87.49052429199219,-6.102664470672607,57.82963180541992
Electric Pink,#ff0490,255,4,144,56.10209274291992,79.66504669189453,4.846912384033203
Muted Purple,#805b87,128,91,135,43.90058135986328,18.26667594909668,-10.914402961730957
Mid Green,#50a747,80,167,71,61.5450553894043,-45.36045455932617,46.24091339111328
Greyish,#a8a495,168,164,149,67.38870239257812,-4.838395118713379,16.774517059326172
Neon Yellow,#cfff04,207,255,4,94.13528442382812,-39.955223083496094,95.03118896484375
Banana,#ffff7e,255,255,126,98.11576080322266,-18.05603790283203,69.10462188720703
Carnation Pink,#ff7fa7,255,127,167,69.32539367675781,47.48878860473633,11.697399139404297
Tomato,#ef4026,239,64,38,55.06089401245117,61.71978759765625,59.81113815307617
Sea,#3c9992,60,153,146,57.64484786987305,-33.288936614990234,3.247218608856201
Muddy Brown,#886806,136,104,6,46.19256591796875,3.8891725540161133,54.660858154296875
Turquoise Green,#04f489,4,244,137,85.20476531982422,-72.52349090576172,45.79409408569336
Buff,#fef69e,254,246,158,96.07747650146484,-12.073467254638672,52.643409729003906
Fawn,#cfaf7b,207,175,123,73.42401885986328,2.043231248855591,38.857215881347656
Muted Blue,#3b719f,59,113,159,45.51609802246094,-10.404348373413086,-22.260129928588867
Pale Rose,#fdc1c5,253,193,197,83.68610382080078,17.10018539428711,17.03192901611328
Dark Mint Green,#20c073,32,192,115,68.86491394042969,-57.70797348022461,34.7132568359375
Amethyst,#9b5fc0,155,95,192,50.32130813598633,34.22001266479492,-32.02113723754883
Blue/green,#0f9b8e,15,155,142,57.31547927856445,-40.625064849853516,4.760860919952393
Chestnut,#742802,116,40,2,27.874372482299805,30.192941665649414,40.40720748901367
Sick Green,#9db92c,157,185,44,71.17168426513672,-27.62293815612793,67.95134735107422
Pea,#a4bf20,164,191,32,73.35049438476562,-27.925695419311523,73.18653869628906
Rusty Orange,#cd5909,205,89,9,52.68031311035156,40.516021728515625,63.99816131591797
Stone,#ada587,173,165,135,67.82935333251953,-5.066921234130859,24.66286277770996
Rose Red,#be013c,190,1,60,40.80989456176758,61.92738723754883,29.85869026184082
Pale Aqua,#b8ffeb,184,255,235,94.90613555908203,-31.34485626220703,13.90443229675293
Deep Orange,#dc4d01,220,77,1,53.21141815185547,50.848533630371094,67.5091323852539
Earth,#a2653e,162,101,62,49.07799530029297,18.799097061157227,37.5230827331543
Mossy Green,#638b27,99,139,39,53.396549224853516,-29.52098846435547,50.52250289916992
Grassy Green,#419c03,65,156,3,57.093257904052734,-48.64153289794922,61.44675064086914
Pale Lime Green,#b1ff65,177,255,101,92.6935806274414,-47.828338623046875,71.20005798339844
Light Grey Blue,#9dbcd4,157,188,212,74.53791809082031,-11.427685737609863,-5.089052200317383
Pale Grey,#fdfdfe,253,253,254,99.3318099975586,-5.878358840942383,11.91214656829834
Asparagus,#77ab56,119,171,86,64.85556030273438,-33.266151428222656,44.000362396240234
Blueberry,#464196,70,65,150,31.808576583862305,18.576757431030273,-38.9796142578125
Purple Red,#990147,153,1,71,32.89519500732422,53.711395263671875,10.898294448852539
Pale Lime,#befd73,190,253,115,92.98043823242188,-41.69336700439453,66.26316833496094
Greenish Teal,#32bf84,50,191,132,69.08700561523438,-52.764060974121094,26.74633026123047
Caramel,#af6f09,175,111,9,52.89173126220703,17.39100456237793,61.617759704589844
Deep Magenta,#a0025c,160,2,92,35.01982116699219,56.395999908447266,1.302273154258728
Light Peach,#ffd8b1,255,216,177,88.98832702636719,4.421052932739258,34.3353157043457
Milk Chocolate,#7f4e1e,127,78,30,38.30509567260742,15.068883895874023,39.6845817565918
Ocher,#bf9b0c,191,155,12,65.83458709716797,0.9377235174179077,71.72978210449219
Off Green,#6ba353,107,163,83,61.700538635253906,-34.181644439697266,41.331504821777344
Purply Pink,#f075e6,240,117,230,67.2216796875,53.780311584472656,-24.662063598632812
Lightblue,#7bc8f6,123,200,246,76.9229736328125,-20.040769577026367,-18.77033042907715
Dusky Blue,#475f94,71,95,148,40.248416900634766,-0.06491300463676453,-24.37293243408203
Golden,#f5bf03,245,191,3,80.55445098876953,5.270074844360352,86.48783874511719
Light Beige,#fffeb6,255,254,182,98.48765563964844,-13.497977256774902,44.80082321166992
Butter Yellow,#fffd74,255,253,116,97.52253723144531,-17.678295135498047,72.48217010498047
Dusky Purple,#895b7b,137,91,123,44.609066009521484,19.843189239501953,-2.9420883655548096
French Blue,#436bad,67,107,173,44.691078186035156,-1.438620686531067,-31.204679489135742
Ugly Yellow,#d0c101,208,193,1,77.44049072265625,-11.154867172241211,82.46436309814453
Greeny Yellow,#c6f808,198,248,8,91.6308822631836,-40.30095291137695,92.50135040283203
Orangish Red,#f43605,244,54,5,54.83693313598633,65.7299575805664,70.46371459960938
Shamrock Green,#02c14d,2,193,77,68.5351333618164,-64.2045669555664,51.45709228515625
Orangish Brown,#b25f03,178,95,3,49.63188934326172,27.083646774291992,60.797691345214844
Tree Green,#2a7e19,42,126,25,46.35633850097656,-43.15073013305664,47.12317657470703
Deep Violet,#490648,73,6,72,15.513487815856934,33.72869873046875,-18.028406143188477
Gunmetal,#536267,83,98,103,40.41853332519531,-7.931985855102539,1.4757863283157349
Blue/purple,#5a06ef,90,6,239,33.205379486083984,64.18356323242188,-85.49856567382812
Cherry,#cf0234,207,2,52,44.4139289855957,65.56839752197266,39.84054183959961
Sandy Brown,#c4a661,196,166,97,69.7140121459961,0.36295196413993835,46.4497184753418
Warm Grey,#978a84,151,138,132,58.51287078857422,0.3078761100769043,12.751949310302734
Dark Indigo,#1f0954,31,9,84,9.300804138183594,26.016460418701172,-36.274131774902344
Midnight,#03012d,3,1,45,1.8193833827972412,8.792736053466797,-22.427143096923828
Bluey Green,#2bb179,43,177,121,64.33980560302734,-50.387081146240234,25.68992805480957
Grey Pink,#c3909b,195,144,155,65.0590591430664,16.604001998901367,10.702436447143555
Soft Purple,#a66fb5,166,111,181,54.738704681396484,27.39153289794922,-19.06130027770996
Blood,#770001,119,0,1,24.014320373535156,43.3660888671875,37.07892608642578
Brown Red,#922b05,146,43,5,34.258216857910156,39.73697280883789,47.51651382446289
Medium Grey,#7d7f7c,125,127,124,52.94855880737305,-4.799216270446777,8.66052532196045
Berry,#990f4b,153,15,75,33.673099517822266,52.00251007080078,9.531371116638184
Poo,#8f7303,143,115,3,49.98387145996094,0.9556757807731628,58.4835090637207
Purpley Pink,#c83cb9,200,60,185,50.716041564941406,60.90430450439453,-27.08111572265625
Light Salmon,#fea993,254,169,147,77.4350357055664,25.118274688720703,33.34339904785156
Snot,#acbb0d,172,187,13,72.780029296875,-23.120399475097656,76.15089416503906
Easter Purple,#c071fe,192,113,254,61.28009796142578,45.78009796142578,-46.91185760498047
Light Yellow Green,#ccfd7f,204,253,127,93.94646453857422,-35.94926452636719,62.68497085571289
Dark Navy Blue,#00022e,0,2,46,1.9020826816558838,7.9609904289245605,-23.023244857788086
Drab,#828344,130,131,68,53.58725357055664,-10.98341178894043,38.987728118896484
Light Rose,#ffc5cb,255,197,203,84.94209289550781,16.426307678222656,15.887957572937012
Rouge,#ab1239,171,18,57,37.36832809448242,55.20803451538086,26.306793212890625
Purplish Red,#b0054b,176,5,75,38.18097686767578,58.79465866088867,16.70423698425293
Slime Green,#99cc04,153,204,4,76.3065414428711,-38.379905700683594,79.17658233642578
Baby Poop,#937c00,147,124,0,52.885040283203125,-2.179455280303955,61.35823059082031
Irish Green,#019529,1,149,41,53.69856262207031,-54.414772033691406,49.024993896484375
Pink/purple,#ef1de7,239,29,231,56.99504852294922,80.95287322998047,-41.283592224121094
Dark Navy,#000435,0,4,53,2.7290751934051514,9.862122535705566,-26.609378814697266
Greeny Blue,#42b395,66,179,149,66.02618408203125,-42.657833099365234,13.92277717590332
Light Plum,#9d5783,157,87,131,46.58823776245117,30.281192779541016,-4.1632490158081055
Pinkish Grey,#c8aca9,200,172,169,72.780029296875,5.368748188018799,14.675214767456055
Dirty Orange,#c87606,200,118,6,57.88995361328125,24.146846771240234,67.43573760986328
Rust Red,#aa2704,170,39,4,38.5516471862793,48.835994720458984,53.350547790527344
Pale Lilac,#e4cbff,228,203,255,85.06504821777344,10.697322845458984,-10.061752319335938
Orangey Red,#fa4224,250,66,36,57.33910369873047,64.23186492919922,63.49171829223633
Primary Blue,#0804f9,8,4,249,29.109560012817383,63.31494903564453,-97.78380584716797
Kermit Green,#5cb200,92,178,0,65.20379638671875,-49.0009651184082,69.00659942626953
Brownish Purple,#76424e,118,66,78,34.79311752319336,21.243297576904297,8.333683013916016
Murky Green,#6c7a0e,108,122,14,48.65534973144531,-18.45085906982422,53.673274993896484
Wheat,#fbdd7e,251,221,126,89.18817901611328,-3.4153642654418945,58.35953140258789
Very Dark Purple,#2a0134,42,1,52,6.726205348968506,25.64315414428711,-19.197128295898438
Bottle Green,#044a05,4,74,5,26.582944869995117,-33.306583404541016,33.76047134399414
Watermelon,#fd4659,253,70,89,58.82612991333008,65.11754608154297,39.07073211669922
Deep Sky Blue,#0d75f8,13,117,248,50.136688232421875,9.535097122192383,-62.48080825805664
Fire Engine Red,#fe0002,254,0,2,54.07243728637695,75.95974731445312,72.35916900634766
Yellow Ochre,#cb9d06,203,157,6,67.62550354003906,4.99984884262085,74.46418762207031
Pumpkin Orange,#fb7d07,251,125,7,66.64918518066406,40.547264099121094,77.17018127441406
Pale Olive,#b9cc81,185,204,129,79.2807846069336,-20.426694869995117,43.15679168701172
Light Lilac,#edc8ff,237,200,255,85.15203094482422,15.16561222076416,-9.839892387390137
Lightish Green,#61e160,97,225,96,80.37870788574219,-60.0830078125,57.9806022644043
Carolina Blue,#8ab8fe,138,184,254,73.56279754638672,-6.552372455596924,-27.905071258544922
Mulberry,#920a4e,146,10,78,31.967824935913086,51.205204010009766,4.995369911193848
Shocking Pink,#fe02a2,254,2,162,56.360774993896484,80.64070129394531,-4.786238193511963
Auburn,#9a3001,154,48,1,36.57040023803711,40.40894317626953,51.21786880493164
Bright Lime Green,#65fe08,101,254,8,88.91048431396484,-72.20357513427734,88.1031723022461
Celadon,#befdb7,190,253,183,93.77543640136719,-35.510616302490234,37.079315185546875
Pinkish Brown,#b17261,177,114,97,54.62428665161133,20.164140701293945,26.58428382873535
Poo Brown,#885f01,136,95,1,43.77641677856445,8.866086959838867,53.99138641357422
Bright Sky Blue,#02ccfe,2,204,254,75.64775085449219,-34.5688362121582,-24.993244171142578
Celery,#c1fd95,193,253,149,93.49935913085938,-37.99591064453125,52.36789321899414
Dirt Brown,#836539,131,101,57,45.1191291809082,5.086151123046875,34.23286819458008
Strawberry,#fb2943,251,41,67,55.464229583740234,71.39688110351562,46.86421585083008
Dark Lime,#84b701,132,183,1,68.81417846679688,-37.27629089355469,72.82756805419922
Copper,#b66325,182,99,37,51.22231674194336,27.15242576599121,52.51725769042969
Medium Brown,#7f5112,127,81,18,38.99620819091797,12.988057136535645,45.21476745605469
Muted Green,#5fa052,95,160,82,60.125,-36.98687744140625,39.67992401123047
Robin's Egg,#6dedfd,109,237,253,87.03486633300781,-38.606807708740234,-6.8928141593933105
Bright Aqua,#0bf9ea,11,249,234,88.44096374511719,-57.561710357666016,4.248070240020752
Bright Lavender,#c760ff,199,96,255,59.10865783691406,55.688148498535156,-50.84358596801758
Ivory,#ffffcb,255,255,203,99.04940032958984,-11.98327350616455,35.76247787475586
Very Light Purple,#f6cefc,246,206,252,87.31380462646484,14.687607765197754,-5.000771999359131
Light Navy,#155084,21,80,132,32.51365661621094,-5.862395286560059,-27.712495803833008
Pink Red,#f5054f,245,5,79,52.82475662231445,74.70765686035156,36.765201568603516
Olive Brown,#645403,100,84,3,36.36274719238281,-1.7610063552856445,45.77830505371094
Poop Brown,#7a5901,122,89,1,40.39857482910156,5.799205780029297,50.65742111206055
Mustard Green,#a8b504,168,181,4,70.76651763916016,-21.995695114135742,75.32791900634766
Ocean Green,#3d9973,61,153,115,56.99504852294922,-38.95915985107422,18.66037368774414
Very Dark Blue,#000133,0,1,51,2.0123484134674072,10.218585014343262,-26.35330581665039
Dusty Green,#76a973,118,169,115,64.57772827148438,-29.69392204284668,29.575077056884766
Light Navy Blue,#2e5a88,46,90,136,36.79922103881836,-6.4409379959106445,-23.145647048950195
Minty Green,#0bf77d,11,247,125,86.0121841430664,-74.65338897705078,52.15110778808594
Adobe,#bd6c48,189,108,72,54.51588439941406,26.569047927856445,39.98539733886719
Barney,#ac1db8,172,29,184,42.70414352416992,63.23434829711914,-39.60974884033203
Jade Green,#2baf6a,43,175,106,63.46688461303711,-51.932621002197266,31.97226333618164
Bright Light Blue,#26f7fd,38,247,253,88.48316192626953,-51.57981872558594,-4.881977081298828
Light Lime,#aefd6c,174,253,108,92.02147674560547,-47.57770919799805,67.67887878417969
Dark Khaki,#9b8f55,155,143,85,59.46721649169922,-5.475284576416016,38.50701141357422
Orange Yellow,#ffad01,255,173,1,77.40228271484375,18.39833641052246,85.10958099365234
Ocre,#c69c04,198,156,4,66.8277816772461,3.3503735065460205,73.83341217041016
Maize,#f4d054,244,208,84,84.93741607666016,-1.9500974416732788,70.89068603515625
Faded Pink,#de9dac,222,157,172,71.5005874633789,21.612926483154297,11.628847122192383
British Racing Green,#05480d,5,72,13,25.879627227783203,-31.984413146972656,30.32025718688965
Sandstone,#c9ae74,201,174,116,72.4930419921875,-0.3761780261993408,40.93598556518555
Mud Brown,#60460f,96,70,15,31.857154846191406,4.817285060882568,38.051170349121094
Light Sea Green,#98f6b0,152,246,176,89.71791076660156,-45.01778793334961,34.44478225708008
Robin Egg Blue,#8af1fe,138,241,254,89.26561737060547,-34.024871826171875,-3.8982701301574707
Aqua Marine,#2ee8bb,46,232,187,82.63648986816406,-58.629981994628906,18.697349548339844
Dark Sea Green,#11875d,17,135,93,49.69081497192383,-42.53086853027344,19.891206741333008
Soft Pink,#fdb0c0,253,176,192,79.70911407470703,25.153295516967773,13.810147285461426
Orangey Brown,#b16002,177,96,2,49.69817352294922,26.148141860961914,60.941673278808594
Cherry Red,#f7022a,247,2,42,52.80463790893555,74.55449676513672,56.80259323120117
Burnt Yellow,#d5ab09,213,171,9,72.23681640625,2.0633511543273926,78.0700454711914
Brownish Grey,#86775f,134,119,95,50.94711685180664,-0.4435235857963562,21.6945858001709
Camel,#c69f59,198,159,89,68.03671264648438,4.328483581542969,48.240787506103516
Purplish Grey,#7a687f,122,104,127,46.364505767822266,7.363199710845947,-2.751554012298584
Marine,#042e60,4,46,96,18.777223587036133,1.5125645399093628,-28.371047973632812
Greyish Pink,#c88d94,200,141,148,64.75341796875,19.32095718383789,14.032430648803711
Pale Turquoise,#a5fbd5,165,251,213,92.38493347167969,-38.34376907348633,20.665035247802734
Pastel Yellow,#fffe71,255,254,113,97.75492095947266,-18.297283172607422,73.93655395507812
Bluey Purple,#6241c7,98,65,199,37.78321075439453,36.93552780151367,-56.39353561401367
Canary Yellow,#fffe40,255,254,64,97.4769287109375,-20.166467666625977,90.14763641357422
Faded Red,#d3494e,211,73,78,51.52663803100586,51.10856246948242,34.0326042175293
Sepia,#985e2b,152,94,43,45.84580612182617,17.52174949645996,42.8248405456543
Coffee,#a6814c,166,129,76,56.74086380004883,6.052292823791504,39.88310241699219
Bright Magenta,#ff08e8,255,8,232,59.251930236816406,85.84065246582031,-38.01642990112305
Mocha,#9d7651,157,118,81,52.93519592285156,8.564966201782227,32.31020736694336
Ecru,#feffca,254,255,202,98.95575714111328,-12.439085006713867,36.08882522583008
Purpleish,#98568d,152,86,141,45.9990234375,30.343103408813477,-10.75423812866211
Cranberry,#9e003a,158,0,58,33.69239807128906,54.42743682861328,20.271961212158203
Darkish Green,#287c37,40,124,55,45.84580612182617,-40.55121612548828,34.37765121459961
Brown Orange,#b96902,185,105,2,52.86495590209961,24.713829040527344,63.637935638427734
Dusky Rose,#ba6873,186,104,115,53.903873443603516,30.355375289916992,16.018083572387695
Melon,#ff7855,255,120,85,66.71421813964844,45.857330322265625,50.71184158325195
Sickly Green,#94b21c,148,178,28,68.4461669921875,-28.431066513061523,69.23290252685547
Silver,#c5c9c7,197,201,199,80.60382080078125,-6.707855701446533,10.816624641418457
Purply Blue,#661aee,102,26,238,35.74748611450195,61.42659378051758,-80.69384765625
Purpleish Blue,#6140ef,97,64,239,40.518123626708984,46.4866943359375,-73.3519287109375
Hospital Green,#9be5aa,155,229,170,84.94988250732422,-37.673919677734375,30.779638290405273
Shit Brown,#7b5804,123,88,4,40.258453369140625,6.894825458526611,49.85991287231445
Mid Blue,#276ab3,39,106,179,43.53548812866211,-4.080852508544922,-36.406097412109375
Amber,#feb308,254,179,8,78.682373046875,15.0079345703125,85.24232482910156
Easter Green,#8cfd7e,140,253,126,90.56356048583984,-56.572784423828125,58.07743835449219
Soft Blue,#6488ea,100,136,234,57.53342819213867,5.449710369110107,-43.114967346191406
Cerulean Blue,#056eee,5,110,238,47.487274169921875,10.22572135925293,-61.581295013427734
Golden Brown,#b27a01,178,122,1,55.94598388671875,12.683122634887695,65.30857849121094
Bright Turquoise,#0ffef9,15,254,249,90.2817611694336,-56.175071716308594,-0.27103981375694275
Red Pink,#fa2a55,250,42,85,55.551177978515625,71.47201538085938,37.04930114746094
Red Purple,#820747,130,7,71,28.112289428710938,47.32005310058594,3.2303905487060547
Greyish Brown,#7a6a4f,122,106,79,45.82088851928711,0.10740401595830917,23.18848419189453
Vermillion,#f4320c,244,50,12,54.477542877197266,66.78894805908203,68.7984619140625
Russet,#a13905,161,57,5,39.3560791015625,39.09723663330078,52.338802337646484
Steel Grey,#6f828a,111,130,138,53.03862380981445,-9.3055419921875,1.0429750680923462
Lighter Purple,#a55af4,165,90,244,53.14506149291992,48.443973541259766,-54.999610900878906
Bright Violet,#ad0afd,173,10,253,46.26227569580078,74.96871948242188,-70.84515380859375
Prussian Blue,#004577,0,69,119,27.808284759521484,-5.470552921295166,-27.691904067993164
Slate Green,#658d6d,101,141,109,54.98849868774414,-23.041166305541992,19.331174850463867
Dirty Pink,#ca7b80,202,123,128,60.46596908569336,27.61104965209961,18.590538024902344
Dark Blue Green,#005249,0,82,73,30.531259536743164,-26.691055297851562,3.820530652999878
Pine,#2b5d34,43,93,52,35.1900520324707,-27.52968978881836,22.532297134399414
Yellowy Green,#bff128,191,241,40,89.29283905029297,-39.508914947509766,86.33968353271484
Dark Gold,#b59410,181,148,16,62.960792541503906,0.3070845901966095,68.38505554199219
Bluish,#2976bb,41,118,187,47.617008209228516,-8.226293563842773,-34.234649658203125
Darkish Blue,#014182,1,65,130,27.1532039642334,1.132423996925354,-35.18086242675781
Dull Red,#bb3f3f,187,63,63,45.520294189453125,46.778480529785156,33.769691467285156
Pinky Red,#fc2647,252,38,71,55.501522064208984,72.31941986083984,44.809993743896484
Bronze,#a87900,168,121,0,54.467952728271484,8.849945068359375,63.7926025390625
Pale Teal,#82cbb2,130,203,178,76.36613464355469,-32.484954833984375,14.52406120300293
Military Green,#667c3e,102,124,62,49.13043975830078,-19.600521087646484,35.86021423339844
Barbie Pink,#fe46a5,254,70,165,60.525665283203125,69.46961212158203,-0.18672654032707214
Bubblegum Pink,#fe83cc,254,131,204,70.8529052734375,48.70590591430664,-5.409298419952393
Pea Soup Green,#94a617,148,166,23,64.94532012939453,-22.881126403808594,67.24555206298828
Dark Mustard,#a88905,168,137,5,58.65273666381836,0.29446735978126526,66.00397491455078
Shit,#7f5f00,127,95,0,42.6488037109375,4.707085132598877,52.83717346191406
Medium Purple,#9e43a2,158,67,162,43.9713020324707,44.401100158691406,-25.567752838134766
Very Dark Green,#062e03,6,46,3,15.513487815856934,-23.15825080871582,21.56680679321289
Dirt,#8a6e45,138,110,69,48.503055572509766,3.941112756729126,32.41463851928711
Dusky Pink,#cc7a8b,204,122,139,60.7338752746582,29.84227752685547,13.118524551391602
Red Violet,#9e0168,158,1,104,34.93428039550781,56.8646125793457,-6.117098331451416
Lemon Yellow,#fdff38,253,255,56,97.54594421386719,-21.599925994873047,92.15737915039062
Pistachio,#c0fa8b,192,250,139,92.50105285644531,-37.90595245361328,55.53323745727539
Dull Yellow,#eedc5b,238,220,91,87.4682846069336,-9.910276412963867,70.7069320678711
Dark Lime Green,#7ebd01,126,189,1,70.26802062988281,-42.00459289550781,73.82486724853516
Denim Blue,#3b5b92,59,91,146,38.224212646484375,-1.2637828588485718,-26.499309539794922
Teal Blue,#01889f,1,136,159,51.564918518066406,-28.79514503479004,-12.996735572814941
Lightish Blue,#3d7afd,61,122,253,52.88838577270508,11.971394538879395,-60.54397201538086
Purpley Blue,#5f34e7,95,52,231,37.568275451660156,50.04650115966797,-73.98478698730469
Light Indigo,#6d5acf,109,90,207,44.957176208496094,27.337736129760742,-49.00541305541992
Swamp Green,#748500,116,133,0,52.62303924560547,-20.71796417236328,59.673866271972656
Brown Green,#706c11,112,108,17,44.7857666015625,-9.230957984924316,49.788848876953125
Dark Maroon,#3c0008,60,0,8,9.151091575622559,27.424121856689453,12.118063926696777
Hot Purple,#cb00f5,203,0,245,50.4689826965332,79.08362579345703,-59.541114807128906
Dark Forest Green,#002d04,0,45,4,14.893815994262695,-24.42951202392578,20.355823516845703
Faded Blue,#658cbb,101,140,187,56.79184341430664,-7.922509670257568,-19.61606216430664
Drab Green,#749551,116,149,81,57.97129440307617,-24.645545959472656,37.788429260253906
Light Lime Green,#b9ff66,185,255,102,93.1446304321289,-45.06871032714844,71.46768951416016
Snot Green,#9dc100,157,193,0,73.37435150146484,-32.049903869628906,77.35482788085938
Yellowish,#faee66,250,238,102,93.1766128540039,-13.27288818359375,73.01752471923828
Light Blue Green,#7efbb3,126,251,179,90.10999298095703,-53.46871566772461,33.361732482910156
Bordeaux,#7b002c,123,0,44,25.431241989135742,45.43359375,16.472803115844727
Light Mauve,#c292a1,194,146,161,65.56578063964844,15.857077598571777,8.270461082458496
Ocean,#017b92,1,123,146,46.91084289550781,-26.233592987060547,-13.073585510253906
Marigold,#fcc006,252,192,6,81.54069519042969,7.664428234100342,87.33247375488281
Muddy Green,#657432,101,116,50,46.45825958251953,-16.858583450317383,38.4239616394043
Dull Orange,#d8863b,216,134,59,63.85969924926758,23.380342483520508,57.71650695800781
Steel,#738595,115,133,149,54.503108978271484,-7.595933437347412,-2.6830995082855225
Electric Purple,#aa23ff,170,35,255,47.23811721801758,71.08580780029297,-70.31365203857422
Fluorescent Green,#08ff08,8,255,8,87.85836029052734,-83.37598419189453,86.57367706298828
Yellowish Brown,#9b7a01,155,122,1,53.218048095703125,2.5213382244110107,61.9077033996582
Blush,#f29e8e,242,158,142,73.4815673828125,25.801698684692383,30.22318458557129
Soft Green,#6fc276,111,194,118,71.76936340332031,-42.46183395385742,37.58634948730469
Bright Orange,#ff5b00,255,91,0,61.4286994934082,56.69718933105469,75.74504852294922
Lemon,#fdff52,253,255,82,97.65544891357422,-20.849212646484375,84.9366455078125
Purple Grey,#866f85,134,111,133,49.642948150634766,8.823094367980957,-1.0262523889541626
Acid Green,#8ffe09,143,254,9,90.40953063964844,-61.279327392578125,90.00262451171875
Pale Lavender,#eecffe,238,207,254,86.87908172607422,11.807271957397461,-6.725455284118652
Violet Blue,#510ac9,81,10,201,28.347667694091797,55.86071014404297,-73.12503814697266
Light Forest Green,#4f9153,79,145,83,54.62110137939453,-35.50082778930664,32.022342681884766
Burnt Red,#9f2305,159,35,5,35.83627700805664,46.76333236694336,50.04719161987305
Khaki Green,#728639,114,134,57,53.041954040527344,-20.04207420349121,43.12312698364258
Cerise,#de0c62,222,12,98,48.571678161621094,69.7069091796875,19.210506439208984
Faded Purple,#916e99,145,110,153,51.15901184082031,16.438493728637695,-9.608365058898926
Apricot,#ffb16d,255,177,109,78.86268615722656,19.08959197998047,53.68278503417969
Dark Olive Green,#3c4d03,60,77,3,30.236047744750977,-17.038501739501953,38.918251037597656
Grey Brown,#7f7053,127,112,83,48.08436965942383,-0.7184708118438721,24.153648376464844
Green Grey,#77926f,119,146,111,57.72673034667969,-18.764089584350586,22.29718780517578
True Blue,#010fcc,1,15,204,23.69443130493164,51.594425201416016,-82.69566345214844
Pale Violet,#ceaefa,206,174,250,75.9886474609375,17.78487777709961,-21.65504264831543
Periwinkle Blue,#8f99fb,143,153,251,65.58963775634766,10.615562438964844,-38.865177154541016
Light Sky Blue,#c6fcff,198,252,255,95.3369140625,-22.76091194152832,5.047677516937256
Blurple,#5539cc,85,57,204,35.226383209228516,39.88246536254883,-63.36676025390625
Green Brown,#544e03,84,78,3,32.788700103759766,-6.098148822784424,42.093753814697266
Bluegreen,#017a79,1,122,121,45.79594802856445,-32.38103485107422,-0.9802666902542114
Bright Teal,#01f9c6,1,249,198,87.65630340576172,-64.80036163330078,20.496078491210938
Brownish Yellow,#c9b003,201,176,3,72.31221008300781,-5.6199212074279785,78.12592315673828
Pea Soup,#929901,146,153,1,60.98920822143555,-17.679290771484375,67.22147369384766
Forest,#0b5509,11,85,9,30.887861251831055,-35.69429016113281,36.58677291870117
Barney Purple,#a00498,160,4,152,37.49069595336914,61.14372634887695,-30.163190841674805
Ultramarine,#2000b1,32,0,177,19.982192993164062,50.16412353515625,-73.90756225585938
Purplish,#94568c,148,86,140,45.42365264892578,28.820783615112305,-11.125641822814941
Puke Yellow,#c2be0e,194,190,14,75.41653442382812,-15.427603721618652,79.02745056152344
Bluish Grey,#748b97,116,139,151,56.35774230957031,-10.115523338317871,-0.9702267050743103
Dark Periwinkle,#665fd1,102,95,209,45.66678237915039,23.247892379760742,-48.96875
Dark Lilac,#9c6da5,156,109,165,52.55215835571289,22.668909072875977,-13.892183303833008
Reddish,#c44240,196,66,64,47.61308670043945,48.53976821899414,36.213600158691406
Light Maroon,#a24857,162,72,87,43.152252197265625,35.50994873046875,16.04483413696289
Dusty Purple,#825f87,130,95,135,45.13612747192383,16.7158145904541,-8.995954513549805
Terra Cotta,#c9643b,201,100,59,54.43916320800781,34.75479507446289,46.92733383178711
Avocado,#90b134,144,177,52,67.97371673583984,-28.77159881591797,61.92473602294922
Marine Blue,#01386a,1,56,106,22.70242691040039,-1.7546805143356323,-28.137962341308594
Teal Green,#25a36f,37,163,111,59.559104919433594,-47.67184066772461,24.175922393798828
Slate Grey,#59656d,89,101,109,41.966941833496094,-6.309189319610596,0.4254685938358307
Lighter Green,#75fd63,117,253,99,89.46013641357422,-64.75457000732422,67.46829986572266
Electric Green,#21fc0d,33,252,13,87.07672882080078,-81.41121673583984,85.61771392822266
Dusty Blue,#5a86ad,90,134,173,53.92011642456055,-10.84300708770752,-16.654747009277344
Golden Yellow,#fec615,254,198,21,83.21894073486328,5.59263277053833,87.09848022460938
Bright Yellow,#fffd01,255,253,1,97.0946273803711,-20.551061630249023,99.29083251953125
Light Lavender,#dfc5fe,223,197,254,83.15277099609375,11.982809066772461,-12.518903732299805
Umber,#b26400,178,100,0,50.7338752746582,24.436765670776367,62.08159637451172
Poop,#7f5e00,127,94,0,42.37517166137695,5.271406173706055,52.64631271362305
Dark Peach,#de7e5d,222,126,93,63.232357025146484,31.261804580688477,41.19280242919922
Jungle Green,#048243,4,130,67,47.459686279296875,-45.72954559326172,30.35445785522461
Eggshell,#ffffd4,255,255,212,99.19436645507812,-11.054742813110352,31.721847534179688
Denim,#3b638c,59,99,140,40.42352294921875,-7.586442470550537,-19.663307189941406
Yellow Brown,#b79400,183,148,0,63.1488037109375,1.013024926185608,70.8124771118164
Dull Purple,#84597e,132,89,126,43.593666076660156,19.506372451782227,-6.242441177368164
Chocolate Brown,#411900,65,25,0,14.810409545898438,16.814863204956055,22.921131134033203
Wine Red,#7b0323,123,3,35,25.477439880371094,44.522727966308594,22.37392807006836
Neon Blue,#04d9ff,4,217,255,79.52327728271484,-40.01294708251953,-19.506267547607422
Dirty Green,#667e2c,102,126,44,49.57655334472656,-21.859500885009766,44.60697555541992
Light Tan,#fbeeac,251,238,172,93.99504089355469,-8.242977142333984,43.40386962890625
Ice Blue,#d7fffe,215,255,254,97.15542602539062,-19.122037887573242,8.348579406738281
Cadet Blue,#4e7496,78,116,150,47.058937072753906,-9.668540000915527,-14.828672409057617
Dark Mauve,#874c62,135,76,98,40.09745407104492,24.401084899902344,4.638152122497559
Very Light Blue,#d5ffff,213,255,255,97.04867553710938,-19.596019744873047,7.696666240692139
Grey Purple,#826d8c,130,109,140,48.90507125854492,9.548233985900879,-6.054599761962891
Pastel Pink,#ffbacd,255,186,205,82.4566421508789,22.17013931274414,11.287715911865234
Very Light Green,#d1ffbd,209,255,189,95.56700134277344,-29.451812744140625,36.9379768371582
Dark Sky Blue,#448ee4,68,142,228,57.445228576660156,-5.684096336364746,-40.24482345581055
Evergreen,#05472a,5,71,42,25.834312438964844,-28.02366065979004,15.520322799682617
Dull Pink,#d5869d,213,134,157,64.90895080566406,28.671262741088867,9.738988876342773
Aubergine,#3d0734,61,7,52,11.942365646362305,27.801240921020508,-10.583313941955566
Mahogany,#4a0100,74,1,0,12.886273384094238,30.797019958496094,20.696807861328125
Reddish Orange,#f8481c,248,72,28,57.64777374267578,61.62258529663086,66.50203704833984
Deep Green,#02590f,2,89,15,32.269561767578125,-37.87883377075195,36.04936599731445
Vomit Green,#89a203,137,162,3,62.90727615356445,-25.818058013916016,68.09834289550781
Purple Pink,#e03fd8,224,63,216,56.388057708740234,68.92797088623047,-34.49949264526367
Dusty Pink,#d58a94,213,138,148,65.60395050048828,25.738067626953125,15.493669509887695
Faded Green,#7bb274,123,178,116,67.5664291381836,-31.980680465698242,33.14493179321289
Camo Green,#526525,82,101,37,40.112586975097656,-18.152538299560547,36.739871978759766
Pinky Purple,#c94cbe,201,76,190,53.267723083496094,55.82551956176758,-25.780954360961914
Pink Purple,#db4bda,219,75,218,57.1199951171875,64.00365447998047,-34.46895980834961
Brownish Red,#9e3623,158,54,35,38.46078872680664,39.8548583984375,39.31734085083008
Dark Rose,#b5485d,181,72,93,46.425682067871094,42.52275085449219,17.710773468017578
Mud,#735c12,115,92,18,40.448448181152344,1.1118113994598389,45.80884552001953
Brownish,#9c6d57,156,109,87,50.612430572509766,13.555675506591797,26.050357818603516
Emerald Green,#028f1e,2,143,30,51.59621047973633,-53.273990631103516,50.537410736083984
Pale Brown,#b1916e,177,145,110,62.52803039550781,4.587818622589111,30.33880043029785
Dull Blue,#49759c,73,117,156,47.301578521728516,-10.086763381958008,-17.772619247436523
Burnt Umber,#a0450e,160,69,14,41.394248962402344,33.232666015625,50.9550666809082
Medium Green,#39ad48,57,173,72,62.73092269897461,-52.86867141723633,46.97528076171875
Clay,#b66a50,182,106,80,53.19484329223633,25.272056579589844,33.93645477294922
Light Aqua,#8cffdb,140,255,219,92.49835205078125,-45.72602462768555,17.77772331237793
Light Olive Green,#a4be5c,164,190,92,73.43196105957031,-24.754009246826172,52.46525192260742
Brownish Orange,#cb7723,203,119,35,58.61282730102539,25.225194931030273,61.26290512084961
Dark Aqua,#05696b,5,105,107,39.67037582397461,-28.064430236816406,-2.30281925201416
Purplish Pink,#ce5dae,206,93,174,56.22710037231445,48.189083099365234,-12.465046882629395
Dark Salmon,#c85a53,200,90,83,52.619667053222656,40.23769760131836,32.23595428466797
Greenish Grey,#96ae8d,150,174,141,68.56845092773438,-17.5601749420166,22.299365997314453
Jade,#1fa774,31,167,116,60.84428024291992,-48.9981575012207,23.376815795898438
Ugly Green,#7a9703,122,151,3,58.530025482177734,-26.818988800048828,64.08043670654297
Dark Beige,#ac9362,172,147,98,62.368064880371094,0.4896208345890045,36.120216369628906
Emerald,#01a049,1,160,73,57.67118835449219,-54.801761627197266,40.22652053833008
Pale Red,#d9544d,217,84,77,54.27878952026367,48.496456146240234,38.25356674194336
Light Magenta,#fa5ff7,250,95,247,65.82746887207031,67.54950714111328,-35.508670806884766
Sky,#82cafc,130,202,252,78.00088500976562,-18.057600021362305,-20.07431411743164
Light Cyan,#acfffc,172,255,252,94.64346313476562,-32.03623580932617,5.2744832038879395
Yellow Orange,#fcb001,252,176,1,77.7450180053711,15.668967247009277,85.1400146484375
Reddish Purple,#910951,145,9,81,31.78772735595703,51.29174041748047,2.842134475708008
Reddish Pink,#fe2c54,254,44,84,56.46977996826172,72.02302551269531,38.940032958984375
Orchid,#c875c4,200,117,196,60.731178283691406,37.42906951904297,-17.40769386291504
Dirty Yellow,#cdc50a,205,197,10,78.24642181396484,-14.29733657836914,82.1160888671875
Orange Red,#fd411e,253,65,30,57.76176834106445,65.31478118896484,66.38865661621094
Deep Red,#9a0200,154,2,0,32.32401657104492,51.999122619628906,48.64934539794922
Orange Brown,#be6400,190,100,0,52.49805450439453,29.31685447692871,64.23922729492188
Cobalt Blue,#030aa7,3,10,167,18.271011352539062,44.506622314453125,-71.15280151367188
Neon Pink,#fe019a,254,1,154,56.10820007324219,80.21338653564453,-0.7327844500541687
Rose Pink,#f7879a,247,135,154,69.47996520996094,39.95545196533203,18.5694580078125
Greyish Purple,#887191,136,113,145,50.723175048828125,10.267280578613281,-5.986082553863525
Raspberry,#b00149,176,1,73,37.98554992675781,59.160091400146484,17.646995544433594
Aqua Green,#12e193,18,225,147,79.55110931396484,-64.77252197265625,33.6683235168457
Salmon Pink,#fe7b7c,254,123,124,67.62323760986328,45.98984146118164,31.90349578857422
Tangerine,#ff9408,255,148,8,71.88463592529297,30.92026710510254,80.70331573486328
Brownish Green,#6a6e09,106,110,9,44.80295181274414,-13.226247787475586,51.3674430847168
Red Brown,#8b2e16,139,46,22,33.45333480834961,36.308982849121094,39.523048400878906
Greenish Brown,#696112,105,97,18,40.814815521240234,-6.421726226806641,45.65526580810547
Pumpkin,#e17701,225,119,1,61.63209915161133,33.564552307128906,72.66776275634766
Pine Green,#0a481e,10,72,30,26.14053726196289,-29.563203811645508,22.68867301940918
Charcoal,#343837,52,56,55,23.101125717163086,-3.9412147998809814,4.194911479949951
Baby Pink,#ffb7ce,255,183,206,81.80201721191406,23.783349990844727,9.832401275634766
Cornflower,#6a79f7,106,121,247,54.60517883300781,18.645404815673828,-54.530635833740234
Blue Violet,#5d06e9,93,6,233,32.921749114990234,63.341636657714844,-82.76597595214844
Chocolate,#3d1c02,61,28,2,14.810409545898438,13.20678424835205,22.065622329711914
Greyish Green,#82a67d,130,166,125,64.6021728515625,-22.843994140625,24.690689086914062
Scarlet,#be0119,190,1,25,40.46339416503906,61.14806365966797,48.99950408935547
Green Yellow,#c9ff27,201,255,39,93.8044204711914,-41.77552795410156,90.7377700805664
Dark Olive,#373e02,55,62,2,24.66800880432129,-11.260172843933105,33.73831558227539
Sienna,#a9561e,169,86,30,46.40937805175781,28.488143920898438,50.045528411865234
Pastel Purple,#caa0ff,202,160,255,72.49506378173828,24.682437896728516,-29.6333065032959
Terracotta,#ca6641,202,102,65,55.054603576660156,34.36357116699219,44.70594024658203
Aqua Blue,#02d8e9,2,216,233,78.57242584228516,-45.03499221801758,-10.04754638671875
Sage Green,#88b378,136,179,120,68.70587921142578,-27.48540687561035,32.84806823730469
Blood Red,#980002,152,0,2,31.77381706237793,51.79279327392578,47.320499420166016
Deep Pink,#cb0162,203,1,98,44.29623794555664,66.38652038574219,12.534769058227539
Grass,#5cac2d,92,172,45,63.441734313964844,-45.51741409301758,58.53968811035156
Moss,#769958,118,153,88,59.400245666503906,-25.154970169067383,36.213401794433594
Pastel Blue,#a2bffe,162,191,254,76.91929626464844,-3.672006845474243,-22.560049057006836
Bluish Green,#10a674,16,166,116,60.351741790771484,-49.87625503540039,22.66449546813965
Green Blue,#06b48b,6,180,139,65.2254638671875,-51.22848129272461,17.74235725402832
Dark Tan,#af884a,175,136,74,59.528499603271484,5.972524166107178,44.48960876464844
Greenish Blue,#0b8b87,11,139,135,51.900638580322266,-35.805912017822266,0.4829530715942383
Pale Orange,#ffa756,255,167,86,76.38101959228516,23.06562042236328,61.210914611816406
Vomit,#a2a415,162,164,21,65.51324462890625,-16.03777313232422,68.64735412597656
Forrest Green,#154406,21,68,6,24.706375122070312,-27.738637924194336,31.66568946838379
Dark Lavender,#856798,133,103,152,48.06502914428711,15.967612266540527,-13.930681228637695
Dark Violet,#34013f,52,1,63,9.691611289978027,29.756576538085938,-21.73056983947754
Purple Blue,#632de9,99,45,233,37.10501480102539,53.94749069213867,-75.80077362060547
Dark Cyan,#0a888a,10,136,138,50.993141174316406,-33.8360710144043,-2.495408058166504
Olive Drab,#6f7632,111,118,50,47.90213394165039,-13.580873489379883,40.341365814208984
Pinkish,#d46a7e,212,106,126,58.26322937011719,39.599491119384766,16.794994354248047
Cobalt,#1e488f,30,72,143,30.880638122558594,3.9098644256591797,-36.62607192993164
Neon Purple,#bc13fe,188,19,254,49.07424545288086,76.32422637939453,-66.65318298339844
Light Turquoise,#7ef4cc,126,244,204,88.52677154541016,-46.964317321777344,19.202123641967773
Apple Green,#76cd26,118,205,38,74.77555084228516,-50.355812072753906,71.92219543457031
Dull Green,#74a662,116,166,98,63.31573486328125,-30.935396194458008,36.3056640625
Wine,#80013f,128,1,63,27.084882736206055,47.38417434692383,6.743437767028809
Powder Blue,#b1d1fc,177,209,252,82.59077453613281,-8.813966751098633,-12.767014503479004
Off White,#ffffe4,255,255,228,99.47249603271484,-9.304162979125977,24.532745361328125
Electric Blue,#0652ff,6,82,255,41.45203399658203,32.74117660522461,-80.37059020996094
Dark Turquoise,#045c5a,4,92,90,34.63878631591797,-26.52712059020996,-0.07466805726289749
Blue Purple,#5729ce,87,41,206,32.8087043762207,48.22877883911133,-68.43175506591797
Azure,#069af3,6,154,243,60.463253021240234,-13.148359298706055,-43.278343200683594
Bright Red,#ff000d,255,0,13,54.30449676513672,76.22784423828125,70.00707244873047
Pinkish Red,#f10c45,241,12,69,52.044979095458984,73.04059600830078,41.2210693359375
Cornflower Blue,#5170d7,81,112,215,48.96532440185547,10.166983604431152,-46.94057083129883
Light Olive,#acbf69,172,191,105,74.43708038330078,-21.17963409423828,47.98728942871094
Grape,#6c3461,108,52,97,30.692039489746094,27.447813034057617,-9.3759183883667
Greyish Blue,#5e819d,94,129,157,52.144283294677734,-10.575286865234375,-10.738258361816406
Purplish Blue,#601ef9,96,30,249,36.501365661621094,61.88390350341797,-85.27662658691406
Yellowish Green,#b0dd16,176,221,22,82.67401123046875,-36.8475456237793,83.23772430419922
Greenish Yellow,#cdfd02,205,253,2,93.45564270019531,-39.86284637451172,94.56097412109375
Medium Blue,#2c6fbb,44,111,187,45.59153366088867,-3.8255350589752197,-37.45523452758789
Dusty Rose,#c0737a,192,115,122,57.265228271484375,27.48825454711914,17.0899600982666
Light Violet,#d6b4fc,214,180,252,78.21602630615234,17.521713256835938,-19.15472412109375
Midnight Blue,#020035,2,0,53,2.06748104095459,12.000896453857422,-27.656078338623047
Bluish Purple,#703be7,112,59,231,40.54296875,49.53327178955078,-69.00880432128906
Red Orange,#fd3c06,253,60,6,57.16748046875,66.58209991455078,72.45880889892578
Dark Magenta,#960056,150,0,86,32.58102798461914,54.025211334228516,1.0691485404968262
Greenish,#40a368,64,163,104,60.10581588745117,-44.038368225097656,28.59270477294922
Ocean Blue,#03719c,3,113,156,44.05506896972656,-18.151031494140625,-23.01030921936035
Coral,#fc5a50,252,90,80,61.189598083496094,57.45235061645508,46.63983154296875
Cream,#ffffc2,255,255,194,98.91128540039062,-12.858473777770996,39.790767669677734
Reddish Brown,#7f2b0a,127,43,10,30.56789779663086,33.071163177490234,41.058837890625
Burnt Sienna,#b04e0f,176,78,15,45.83334732055664,34.98270797729492,55.33964920043945
Brick,#a03623,160,54,35,38.83826446533203,40.51890182495117,39.8319091796875
Sage,#87ae73,135,174,115,67.10919189453125,-26.056236267089844,33.18269348144531
Grey Green,#789b73,120,155,115,60.53379821777344,-22.348220825195312,24.100006103515625
White,#ffffff,255,255,255,100.0,-6.038827896118164,12.430581092834473
Robin's Egg Blue,#98eff9,152,239,249,89.21257019042969,-30.629592895507812,-1.4694441556930542
Moss Green,#658b38,101,139,56,53.649497985839844,-27.72087287902832,43.97343826293945
Steel Blue,#5a7d9a,90,125,154,50.612430572509766,-10.248396873474121,-11.480542182922363
Eggplant,#380835,56,8,53,11.06070613861084,26.074703216552734,-12.733034133911133
Light Yellow,#fffe7a,255,254,122,97.8260498046875,-17.81760025024414,70.40855407714844
Leaf Green,#5ca904,92,169,4,62.368064880371094,-45.534454345703125,66.2127456665039
Light Grey,#d8dcd6,216,220,214,87.32123565673828,-7.564693927764893,13.37878131866455
Puke,#a5a502,165,165,2,66.02146911621094,-15.491303443908691,71.78241729736328
Pinkish Purple,#d648d7,214,72,215,55.80459976196289,63.52488327026367,-35.01654052734375
Sea Blue,#047495,4,116,149,44.759971618652344,-21.739330291748047,-18.046873092651367
Pale Purple,#b790d4,183,144,212,65.37200164794922,20.10764503479004,-18.83015251159668
Slate Blue,#5b7c99,91,124,153,50.34656524658203,-9.634246826171875,-11.334322929382324
Blue Grey,#607c8e,96,124,142,50.32491683959961,-10.359254837036133,-5.330016136169434
Hunter Green,#0b4008,11,64,8,22.881803512573242,-28.398061752319336,28.947629928588867
Fuchsia,#ed0dd9,237,13,217,55.408226013183594,80.93002319335938,-36.40980911254883
Crimson,#8c000f,140,0,15,29.05487060546875,48.93829345703125,39.11556625366211
Pale Yellow,#ffff84,255,255,132,98.16938018798828,-17.69887351989746,66.66541290283203
Ochre,#bf9005,191,144,5,63.00660705566406,6.634972095489502,70.52957916259766
Mustard Yellow,#d2bd0a,210,189,10,76.5815200805664,-8.275018692016602,81.07560729980469
Light Red,#ff474c,255,71,76,59.153663635253906,64.93730163574219,46.516727447509766
Cerulean,#0485d1,4,133,209,52.629783630371094,-12.414426803588867,-38.042694091796875
Pale Pink,#ffcfdc,255,207,220,87.6370849609375,13.276113510131836,11.375802040100098
Deep Blue,#040273,4,2,115,9.882634162902832,35.15945053100586,-54.694698333740234
Rust,#a83c09,168,60,9,41.157081604003906,40.30781555175781,53.03994369506836
Light Teal,#90e4c1,144,228,193,84.51643371582031,-37.267921447753906,18.926546096801758
Slate,#516572,81,101,114,41.500099182128906,-8.218441009521484,-3.183868885040283
Goldenrod,#fac205,250,194,5,81.81197357177734,5.834981441497803,87.50243377685547
Dark Yellow,#d5b60a,213,182,10,75.0502700805664,-3.5152854919433594,80.078857421875
Dark Grey,#363737,54,55,55,22.96564483642578,-2.4702906608581543,4.022468090057373
Army Green,#4b5d16,75,93,22,36.86179733276367,-17.930908203125,39.38080978393555
Grey Blue,#6b8ba4,107,139,164,56.12041091918945,-10.5658597946167,-8.357515335083008
Seafoam,#80f9ad,128,249,173,89.51435852050781,-53.024776458740234,35.386146545410156
Puce,#a57e52,165,126,82,55.92450714111328,7.654845714569092,35.8222541809082
Spring Green,#a9f971,169,249,113,90.66553497314453,-47.25584030151367,64.01293182373047
Dark Orange,#c65102,198,81,2,50.0494499206543,41.600135803222656,63.172237396240234
Sand,#e2ca76,226,202,118,82.03386688232422,-4.3967366218566895,52.59866714477539
Pastel Green,#b0ff9d,176,255,157,93.18993377685547,-43.66080093383789,48.13995361328125
Mint,#9ffeb0,159,254,176,92.31189727783203,-46.29813003540039,38.04347610473633
Light Orange,#fdaa48,253,170,72,76.71470642089844,20.268672943115234,67.34146118164062
Bright Pink,#fe01b1,254,1,177,56.80682373046875,81.69104766845703,-12.353021621704102
Chartreuse,#c1f80a,193,248,10,91.31745910644531,-42.134033203125,91.96096801757812
Deep Purple,#36013f,54,1,63,10.14077377319336,30.16468048095703,-20.993465423583984
Dark Brown,#341c02,52,28,2,13.224815368652344,8.683136940002441,19.61701011657715
Taupe,#b9a281,185,162,129,68.0389633178711,0.5805088877677917,28.217914581298828
Pea Green,#8eab12,142,171,18,65.9435043334961,-27.79491424560547,68.7802963256836
Puke Green,#9aae07,154,174,7,67.686767578125,-24.436609268188477,72.0500717163086
Kelly Green,#02ab2e,2,171,46,61.114906311035156,-60.328147888183594,55.06073760986328
Seafoam Green,#7af9ab,122,249,171,89.26274871826172,-54.74032974243164,35.936744689941406
Blue Green,#137e6d,19,126,109,47.01498031616211,-35.65483856201172,7.456314563751221
Khaki,#aaa662,170,166,98,67.29268646240234,-10.180645942687988,42.338462829589844
Burgundy,#610023,97,0,35,19.050764083862305,38.49387741088867,12.644680976867676
Dark Teal,#014d4e,1,77,78,28.87424087524414,-22.98081398010254,-1.6112136840820312
Brick Red,#8f1402,143,20,2,30.90951919555664,46.124244689941406,45.592689514160156
Royal Purple,#4b006e,75,0,110,17.95720672607422,41.42163848876953,-37.93738555908203
Plum,#580f41,88,15,65,19.35824203491211,34.14863204956055,-7.179535388946533
Mint Green,#8fff9f,143,255,159,91.64595794677734,-53.18511962890625,44.858917236328125
Gold,#dbb40c,219,180,12,75.14019775390625,0.032954778522253036,80.24767303466797
Baby Blue,#a2cffe,162,207,254,81.17046356201172,-11.76548957824707,-16.02607536315918
Yellow Green,#c0fb2d,192,251,45,92.1546630859375,-43.247039794921875,87.8849868774414
Bright Purple,#be03fd,190,3,253,48.84471130371094,77.91183471679688,-66.49002075195312
Dark Red,#840000,132,0,0,27.10198211669922,46.72391128540039,41.737083435058594
Pale Blue,#d0fefe,208,254,254,96.45039367675781,-20.815099716186523,7.252091407775879
Grass Green,#3f9b0b,63,155,11,56.710845947265625,-48.669837951660156,59.97796630859375
Navy,#01153e,1,21,62,7.553197860717773,5.904850959777832,-24.890609741210938
Aquamarine,#04d8b2,4,216,178,77.2582778930664,-56.874759674072266,15.354710578918457
Burnt Orange,#c04e01,192,78,1,48.49542236328125,40.78172302246094,61.9256591796875
Neon Green,#0cff0c,12,255,12,87.87602233886719,-83.23186492919922,86.31961822509766
Bright Blue,#0165fc,1,101,252,45.95768737792969,20.140644073486328,-71.39080810546875
Rose,#cf6275,207,98,117,55.79844284057617,41.01710891723633,18.11298942565918
Light Pink,#ffd1df,255,209,223,88.17388916015625,12.620966911315918,10.680309295654297
Mustard,#ceb301,206,179,1,73.57862854003906,-5.029188632965088,79.51832580566406
Indigo,#380282,56,2,130,16.87665557861328,41.76193618774414,-51.87983703613281
Lime,#aaff32,170,255,50,92.05956268310547,-52.39957809448242,86.17955017089844
Sea Green,#53fca1,83,252,161,88.8671875,-64.98846435546875,39.83412170410156
Periwinkle,#8e82fe,142,130,254,59.91343307495117,23.693622589111328,-49.43852233886719
Dark Pink,#cb416b,203,65,107,49.45077133178711,53.23094177246094,14.6358060836792
Olive Green,#677a04,103,122,4,48.230953216552734,-20.819658279418945,54.98601150512695
Peach,#ffb07c,255,176,124,78.80442810058594,20.434778213500977,46.49876403808594
Pale Green,#c7fdb5,199,253,181,94.28301239013672,-32.78166961669922,38.813079833984375
Light Brown,#ad8150,173,129,80,57.58038330078125,9.246670722961426,39.12950897216797
Hot Pink,#ff028d,255,2,141,55.9827766418457,79.62805938720703,6.353394985198975
Black,#000000,0,0,0,0.0,0.0,0.0
Lilac,#cea2fd,206,162,253,73.27484893798828,24.533727645874023,-27.372421264648438
Navy Blue,#001146,0,17,70,6.974303245544434,11.919526100158691,-31.14609146118164
Royal Blue,#0504aa,5,4,170,18.162513732910156,46.983524322509766,-73.03524017333984
Beige,#e6daa6,230,218,166,87.085693359375,-6.907983303070068,36.611236572265625
Salmon,#ff796c,255,121,108,67.16891479492188,46.39497756958008,39.66204071044922
Olive,#6e750e,110,117,14,47.301578521728516,-15.00327205657959,52.6091423034668
Maroon,#650021,101,0,33,19.982192993164062,39.44294357299805,15.419289588928223
Bright Green,#01ff07,1,255,7,87.83480834960938,-83.58131408691406,86.60922241210938
Dark Purple,#35063e,53,6,62,10.66463851928711,27.469053268432617,-19.488096237182617
Mauve,#ae7181,174,113,129,54.64019775390625,22.432283401489258,9.152164459228516
Forest Green,#06470c,6,71,12,25.505109786987305,-31.53192901611328,30.33370590209961
Aqua,#13eac9,19,234,201,83.27375030517578,-58.45647430419922,12.745155334472656
Cyan,#00ffff,0,255,255,90.67111206054688,-55.57579803466797,-2.5929417610168457
Tan,#d1b26f,209,178,111,74.23081970214844,0.42824965715408325,45.744014739990234
Dark Blue,#00035b,0,3,91,6.312709331512451,28.00537109375,-45.78604507446289
Lavender,#c79fef,199,159,239,71.41339874267578,21.644601821899414,-23.22317886352539
Turquoise,#06c2ac,6,194,172,70.33197784423828,-49.88780975341797,8.316408157348633
Dark Green,#033500,3,53,0,18.24395179748535,-26.812393188476562,26.036861419677734
Violet,#9a0eea,154,14,234,41.98111343383789,69.29798889160156,-67.99009704589844
Light Purple,#bf77f6,191,119,246,61.99659729003906,41.188812255859375,-41.65837097167969
Lime Green,#89fe05,137,254,5,90.15510559082031,-63.07023239135742,89.9381103515625
Grey,#929591,146,149,145,61.35712432861328,-5.712916851043701,9.898056030273438
Sky Blue,#75bbfd,117,187,253,73.24495697021484,-13.384232521057129,-27.99658203125
Yellow,#ffff14,255,255,20,97.62593841552734,-21.358659744262695,98.35045623779297
Magenta,#c20078,194,0,120,42.965606689453125,65.77661895751953,-2.572059392929077
Light Green,#96f97b,150,249,123,89.81726837158203,-52.42533493041992,58.56293869018555
Orange,#f97306,249,115,6,64.46016693115234,44.46284866333008,75.81050872802734
Teal,#029386,2,147,134,54.426361083984375,-39.806278228759766,4.7538838386535645
Light Blue,#95d0fc,149,208,252,80.63273620605469,-16.188608169555664,-15.93559455871582
Red,#e50000,229,0,0,48.79180145263672,70.21121978759766,67.3726806640625
Brown,#653700,101,55,0,28.468441009521484,15.794977188110352,40.48089599609375
Pink,#ff81c0,255,129,192,70.29788208007812,48.76233673095703,0.02573639526963234
Blue,#0343df,3,67,223,35.03201675415039,31.731836318969727,-74.09354400634766
Green,#15b01a,21,176,26,62.81024932861328,-61.61960220336914,62.370399475097656
Purple,#7e1e9c,126,30,156,33.106807708740234,50.09931945800781,-39.87831115722656
